SI_No,COMPANY NAME,DIVISION NAME,ITEM CODE,ITEM NAME,PACKING,PACK NAME,Full_Name_of_Manufacturer,,,,,,
1,MICRO,VISION,FTINA0135,ACETAMIDE-250,1*10TAB,GENERAL,Micro Labs Limited,1,,,,,
2,MICRO,CARCYON,MI51,ACTAVIR-400MG,1*10,10 ML,Micro Labs Limited,1,,,,,
3,MICRO,VISION,MI4,ALCAFT EYE DROPS,1*5ML,10 ML,Micro Labs Limited,2,,,,,
4,MICRO,BROWN & BURK,B&ALL1,ALLERCET,1*10TAB,GENERAL,Micro Labs Limited,1,,,,,
5,MICRO,BROWN & BURK,FTINA0341,ALLERCET COLD,1*10TAB,10 ML,Micro Labs Limited,2,,,,,
6,MICRO,BROWN & BURK,8642,ALLERCET COLD SYP,1*,10 ML,Micro Labs Limited,,,,,,
7,MICRO,BROWN & BURK,2538,ALLERCET SYP,1*60ML,10 ML,Micro Labs Limited,,,,,,
8,MICRO,NA,4853,ALLERCET-AX SYP,1*,10 ML,Micro Labs Limited,,,,,,
9,MICRO,BROWN & BURK,4754,ALLERCET-AX TAB,1*10,10 ML,Micro Labs Limited,,,,,,
10,MICRO,BROWN & BURK,MI100,ALLERCET-COLD DROPS 15 ML,1*10TAB,10 ML,Micro Labs Limited,,,,,,
11,MICRO,BROWN & BURK,B&ALL2,ALLERCET-DC,1*10TAB,GENERAL,Micro Labs Limited,,,,,,
12,MICRO,BROWN & BURK,B&2,ALLERCET-FX TAB,10,10 ML,Micro Labs Limited,,,,,,
13,MICRO,BROWN & BURK,351,ALLERCET-KID TAB,1*10TAB,10'S,Micro Labs Limited,,,,,,
14,MICRO,BROWN & BURK,350,ALLERCET-L,1*10TAB,10'S,Micro Labs Limited,,,,,,
15,MICRO,BROWN & BURK,6890,ALLERCET-L SYP 30ML,1*30ML,10 ML,Micro Labs Limited,,,,,,
16,MICRO,BROWN & BURK,B&1,ALLERCET-L SYP 60 ML,10,10 ML,Micro Labs Limited,,,,,,
17,MICRO,BROWN & BURK,6492,ALLERCET-M KID TAB,1*10TAB,10 ML,Micro Labs Limited,,,,,,
18,MICRO,BROWN & BURK,TLINA0156,ALLERCET-M SYP,1*1,10 ML,Micro Labs Limited,,,,,,
19,MICRO,BROWN & BURK,5013,ALLERCET-M TAB,1*10TAB,10 ML,Micro Labs Limited,,,,,,
20,MICRO,CARDICARE,533,AMIODAR-100MG,1*10TAB,10'S,Micro Labs Limited,,,,,,
21,MICRO,CARDICARE,534,AMIODAR-200MG,1*10TAB,10'S,Micro Labs Limited,,,,,,
22,MICRO,CARCYON,MIAML2,AMLONG-10,1*10TAB,GENERAL,Micro Labs Limited,,,,,,
23,MICRO,CARCYON,MIAML3,AMLONG-2.5,1*10TAB,GENERAL,Micro Labs Limited,,,,,,
24,MICRO,CARCYON,MIAML1,AMLONG-5,1*10TAB,GENERAL,Micro Labs Limited,,,,,,
25,MICRO,CARCYON,MIAML4,AMLONG-A,1*10TAB,GENERAL,Micro Labs Limited,,,,,,
26,MICRO,CARCYON,MIAML5,AMLONG-A-25,1*10TAB,GENERAL,Micro Labs Limited,,,,,,
27,MICRO,CARCYON,7413,AMLONG-CT,1*10TAB,10 ML,Micro Labs Limited,,,,,,
28,MICRO,CARCYON,726,AMLONG-H,1*10TAB,10'S,Micro Labs Limited,,,,,,
29,MICRO,CARCYON,2082,AMLONG-MT-25,1*10TAB,10 ML,Micro Labs Limited,,,,,,
30,MICRO,CARCYON,2083,AMLONG-MT-50,1*10TAB,10 ML,Micro Labs Limited,,,,,,
31,MICRO,CARCYON,8428,AMLONG-TL-40,1*10TAB,10 ML,Micro Labs Limited,,,,,,
32,MICRO,CARCYON,MI65,AMLONG-TRIO,1*10,10 ML,Micro Labs Limited,,,,,,
33,MICRO,CARCYON,MIAML6,AMLOZAAR,1*10TAB,GENERAL,Micro Labs Limited,,,,,,
34,MICRO,CARCYON,1930,AMLOZAAR-H,1*10TAB,10 ML,Micro Labs Limited,,,,,,
35,MICRO,EROSE,3938,ANGIFREE-20MG,1*10TAB,10 ML,Micro Labs Limited,,,,,,
36,MICRO,EROSE,3939,ANGIFREE-SR-30MG,1*10TAB,10 ML,Micro Labs Limited,,,,,,
37,MICRO,CARCYON,4534,ANGIPLAT-2.5,1*25CAP,10 ML,Micro Labs Limited,,,,,,
38,MICRO,CARCYON,4535,ANGIPLAT-6.5,1*25CAP,10 ML,Micro Labs Limited,,,,,,
39,MICRO,CARCYON,MIANG3,ANGIZAAR-25,1*15TAB,GENERAL,Micro Labs Limited,,,,,,
40,MICRO,CARCYON,MIANG2,ANGIZAAR-50MG,1*15TAB,GENERAL,Micro Labs Limited,,,,,,
41,MICRO,CARCYON,337,ANGIZAAR-AT,1*10TAB,10'S,Micro Labs Limited,,,,,,
42,MICRO,CARCYON,MIANG1,ANGIZAAR-H,1*10TAB,GENERAL,Micro Labs Limited,,,,,,
43,MICRO,EROSE,4661,ANORELIF,1*1,10 ML,Micro Labs Limited,,,,,,
44,MICRO,GTF-2,MIANI1,ANXIT .25,1*15TAB,GENERAL,Micro Labs Limited,,,,,,
45,MICRO,GTF-2,MIANI2,ANXIT .5,1*15TAB,GENERAL,Micro Labs Limited,,,,,,
46,MICRO,GTF-2,1059,ANXIT FORTE,1*10TAB,10 ML,Micro Labs Limited,,,,,,
47,MICRO,GTF-2,329,ANXIT PLUS,1*10TAB,10'S,Micro Labs Limited,,,,,,
48,MICRO,GTF-2,MIANX4,ANXIT-0.5SR,1*10TAB,GENERAL,Micro Labs Limited,,,,,,
49,MICRO,GTF-2,MIANX5,ANXIT-1MG,1*10MG,GENERAL,Micro Labs Limited,,,,,,
50,MICRO,GTF-2,MIANX3,ANXIT-1SR,1*10TAB,GENERAL,Micro Labs Limited,,,,,,
51,MICRO,CARCYON,MI53,APIVAS-2.5MG,1*10TAB,10 ML,Micro Labs Limited,,,,,,
52,MICRO,CARCYON,MI54,APIVAS-5MG,1*10TAB,10 ML,Micro Labs Limited,,,,,,
53,MICRO,NA,1911,AQUAPRED D/DROP,1*10ML,10 ML,Micro Labs Limited,,,,,,
54,MICRO,NA,2476,AQUAPRED-O DROPS,1*10ML,10 ML,Micro Labs Limited,,,,,,
55,MICRO,CARDICARE,2687,ARBITEL-20,1*10TAB,10 ML,Micro Labs Limited,,,,,,
56,MICRO,CARDICARE,1995,ARBITEL-40,1*10TAB,10 ML,Micro Labs Limited,,,,,,
57,MICRO,CARDICARE,2136,ARBITEL-80,1*10TAB,10 ML,Micro Labs Limited,,,,,,
58,MICRO,CARDICARE,4605,ARBITEL-80-AM,1*10TAB,10 ML,Micro Labs Limited,,,,,,
59,MICRO,CARDICARE,4638,ARBITEL-80-H,1*10TAB,10 ML,Micro Labs Limited,,,,,,
60,MICRO,CARDICARE,3133,ARBITEL-AM,1*10,10 ML,Micro Labs Limited,,,,,,
61,MICRO,CARDICARE,5500,ARBITEL-AMH,1*10TAB,10 ML,Micro Labs Limited,,,,,,
62,MICRO,CARDICARE,4048,ARBITEL-AV,1*10TAB,10 ML,Micro Labs Limited,,,,,,
63,MICRO,CARDICARE,MI167,ARBITEL-CT 40/6.25 TAB,1*10TAB,10 ML,Micro Labs Limited,,,,,,
64,MICRO,CARDICARE,5295,ARBITEL-CT-40,1*10TAB,10 ML,Micro Labs Limited,,,,,,
65,MICRO,CARDICARE,5296,ARBITEL-CT-80,1*10TAB,10 ML,Micro Labs Limited,,,,,,
66,MICRO,CARDICARE,1996,ARBITEL-H,1*10TAB,10 ML,Micro Labs Limited,,,,,,
67,MICRO,CARDICARE,5131,ARBITEL-H-MT-25,1*10,10 ML,Micro Labs Limited,,,,,,
68,MICRO,CARDICARE,5132,ARBITEL-H-MT-50MG,1*10,10 ML,Micro Labs Limited,,,,,,
69,MICRO,CARDICARE,4639,ARBITEL-MT-25MG,1*10TAB,10 ML,Micro Labs Limited,,,,,,
70,MICRO,CARDICARE,4640,ARBITEL-MT-50MG,1*10TAB,10 ML,Micro Labs Limited,,,,,,
71,MICRO,CARDICARE,7849,ARBITEL-TRIO-25,1*10TAB,10 ML,Micro Labs Limited,,,,,,
72,MICRO,CARDICARE,7850,ARBITEL-TRIO-50,1*10TAB,10 ML,Micro Labs Limited,,,,,,
73,MICRO,VISION,MI52,ARETS TAB,1*10,10 ML,Micro Labs Limited,,,,,,
74,MICRO,CARCYON,MI114,ARNIV-100 TAB,10,10 ML,Micro Labs Limited,,,,,,
75,MICRO,CARCYON,MI109,ARNIV-50 TAB,10,10 ML,Micro Labs Limited,,,,,,
76,MICRO,CARCYON,3557,ASPIVAS,1*10TAB,10 ML,Micro Labs Limited,,,,,,
77,MICRO,CARDICARE,MIAST1,ASTIN-10,1*10TAB,GENERAL,Micro Labs Limited,,,,,,
78,MICRO,CARDICARE,MIAST2,ASTIN-20,1*10TAB,GENERAL,Micro Labs Limited,,,,,,
79,MICRO,NA,8970,ASTIN-40MG,1*10TAB,10 ML,Micro Labs Limited,,,,,,
80,MICRO,NA,8971,ASTIN-CV-10,1*10,10 ML,Micro Labs Limited,,,,,,
81,MICRO,NA,8972,ASTIN-CV-20,1*10TAB,10 ML,Micro Labs Limited,,,,,,
82,MICRO,CARCYON,527,AVAS AM,1*10TAB,10'S,Micro Labs Limited,,,,,,
83,MICRO,CARCYON,MIAVA1,AVAS-10,1*10TAB,GENERAL,Micro Labs Limited,,,,,,
84,MICRO,CARCYON,MI31,AVAS-10-ASP,1*10,10 ML,Micro Labs Limited,,,,,,
85,MICRO,CARCYON,MIAVA2,AVAS-20,1*10TAB,GENERAL,Micro Labs Limited,,,,,,
86,MICRO,CARCYON,2268,AVAS-20-EZ,1*10TAB,10 ML,Micro Labs Limited,,,,,,
87,MICRO,CARCYON,1748,AVAS-40,1*10TAB,10 ML,Micro Labs Limited,,,,,,
88,MICRO,CARCYON,999,AVAS-5,1*10TAB,10 ML,Micro Labs Limited,,,,,,
89,MICRO,CARCYON,3797,AVAS-80,1*10TAB,10 ML,Micro Labs Limited,,,,,,
90,MICRO,CARCYON,MI72,AVAS-ASP-10,1*15,10 ML,Micro Labs Limited,,,,,,
91,MICRO,CARCYON,MI73,AVAS-ASP-20,1*15,10 ML,Micro Labs Limited,,,,,,
92,MICRO,CARCYON,7342,AVAS-CV-10MG,1*10TAB,10 ML,Micro Labs Limited,,,,,,
93,MICRO,CARCYON,7343,AVAS-CV-20MG,1*10TAB,10 ML,Micro Labs Limited,,,,,,
94,MICRO,CARCYON,5518,AVAS-D-10MG,1*10TAB,10 ML,Micro Labs Limited,,,,,,
95,MICRO,CARCYON,5519,AVAS-D-20MG,1*10TAB,10 ML,Micro Labs Limited,,,,,,
96,MICRO,CARCYON,642,AVAS-EZ,1*10TAB,10'S,Micro Labs Limited,,,,,,
97,MICRO,CARCYON,MI83,AVAS-F TAB,1*10TAB,10 ML,Micro Labs Limited,,,,,,
98,MICRO,CARCYON,MI70,AVAS-GOLD-10,1*10TAB,10 ML,Micro Labs Limited,,,,,,
99,MICRO,CARCYON,MI71,AVAS-GOLD-20,1*10,10 ML,Micro Labs Limited,,,,,,
100,MICRO,CARCYON,225,AVAS-PLUS,1*10tab,10'S,Micro Labs Limited,,,,,,
101,MICRO,URO,9105,AVOMIRA-25MG,1*10TAB,10 ML,Micro Labs Limited,,,,,,
102,MICRO,URO,9106,AVOMIRA-50MG,1*10,10 ML,Micro Labs Limited,,,,,,
103,MICRO,URO,9107,AVOPROST TAB,1*10,10 ML,Micro Labs Limited,,,,,,
104,MICRO,URO,9108,AVOPROST-D,1*10TAB,10 ML,Micro Labs Limited,,,,,,
105,MICRO,Derma (MICRO),1577,AZIDERM-10% CREAM,1*15GM,10 ML,Micro Labs Limited,,,,,,
106,MICRO,Derma (MICRO),5197,AZIDERM-10% GEL,1*15GM,10 ML,Micro Labs Limited,,,,,,
107,MICRO,Derma (MICRO),5297,AZIDERM-20 GEL,1*15GM,10 ML,Micro Labs Limited,,,,,,
108,MICRO,Derma (MICRO),1578,AZIDERM-20% CREAM,1*15GM,10 ML,Micro Labs Limited,,,,,,
109,MICRO,NOVA,1608,AZILIDE-100 SYP,1*15ML,10 ML,Micro Labs Limited,,,,,,
110,MICRO,BROWN & BURK,4604,AZILIDE-100DT,1,10 ML,Micro Labs Limited,,,,,,
111,MICRO,NOVA,1705,AZILIDE-200 SYP,1*10ML,10 ML,Micro Labs Limited,,,,,,
112,MICRO,NOVA,1197,AZILIDE-250MG,1*6TAB,10 ML,Micro Labs Limited,,,,,,
113,MICRO,NOVA,1198,AZILIDE-500MG,1*3TAB,10 ML,Micro Labs Limited,,,,,,
114,MICRO,NOVA,4055,AZILIDE-AX TAB,1*3TAB,10 ML,Micro Labs Limited,,,,,,
115,MICRO,NOVA,1607,AZILIDE-DT,1*3TAB,10 ML,Micro Labs Limited,,,,,,
116,MICRO,NOVA,5298,AZILIDE-XL-100ML REDIUSE,1*30ML,10 ML,Micro Labs Limited,,,,,,
117,MICRO,NOVA,4654,AZILIDE-XL-200 REDIUSE,1*30ML,10 ML,Micro Labs Limited,,,,,,
118,MICRO,BROWN & BURK,5521,BACTOCLAV DROPS,1*10ML,10 ML,Micro Labs Limited,,,,,,
119,MICRO,BROWN & BURK,2195,BACTOCLAV INJ 1.2G,1*1,10 ML,Micro Labs Limited,,,,,,
120,MICRO,BROWN & BURK,2133,BACTOCLAV SYP,1*30ML,10 ML,Micro Labs Limited,,,,,,
121,MICRO,BROWN & BURK,354,BACTOCLAV-1000,1*4TAB,10'S,Micro Labs Limited,,,,,,
122,MICRO,BROWN & BURK,3845,BACTOCLAV-150MG INJ,1*1INJ,10 ML,Micro Labs Limited,,,,,,
123,MICRO,BROWN & BURK,3846,BACTOCLAV-300MG INJ,1*1INJ,10 ML,Micro Labs Limited,,,,,,
124,MICRO,BROWN & BURK,353,BACTOCLAV-375,1*10TAB,10'S,Micro Labs Limited,,,,,,
125,MICRO,BROWN & BURK,3895,BACTOCLAV-600MG INJ,1*1INJ,10 ML,Micro Labs Limited,,,,,,
126,MICRO,BROWN & BURK,352,BACTOCLAV-625,1*6TAB,40MG,Micro Labs Limited,,,,,,
127,MICRO,BROWN & BURK,3772,BACTOCLAV-DDS 30ML SYP,1*30ML,10 ML,Micro Labs Limited,,,,,,
128,MICRO,NA,MI178,BACTOCLAV-DS 457 COMP PACK 60ML,10,10 ML,Micro Labs Limited,,,,,,
129,MICRO,BROWN & BURK,2629,BACTOCLAV-DT,1*10TAB,10 ML,Micro Labs Limited,,,,,,
130,MICRO,BROWN & BURK,MI101,BACTOCLAV-ES DRY SPY 60 ML,10,10 ML,Micro Labs Limited,,,,,,
131,MICRO,EROSE,ERBAM1,BAMBRAL-10,1*10TAB,GENERAL,Micro Labs Limited,,,,,,
132,MICRO,NA,MVBC1,BC-300,1*10CAP,GENERAL,Micro Labs Limited,,,,,,
133,MICRO,CARCYON,8630,BENLONG-4MG,1*10TAB,10 ML,Micro Labs Limited,,,,,,
134,MICRO,CARCYON,8631,BENLONG-8MG,1*10TAB,10 ML,Micro Labs Limited,,,,,,
135,MICRO,EROSE,4039,BEROCIN-C TAB,1*10TAB,10 ML,Micro Labs Limited,,,,,,
136,MICRO,EROSE,4893,BEROCIN-CZ 100ML SYP,1*100ML,10 ML,Micro Labs Limited,,,,,,
137,MICRO,EROSE,4059,BEROCIN-CZ 200ML SYP,1*200ML,10 ML,Micro Labs Limited,,,,,,
138,MICRO,EROSE,3940,BEROCIN-CZ CAP,1*10CAP,10 ML,Micro Labs Limited,,,,,,
139,MICRO,EROSE,MI36,BEROCIN-DZ TAB,1*10,10 ML,Micro Labs Limited,,,,,,
140,MICRO,VISION,8802,BESIBACT EYE DROPS,1*5ML,10 ML,Micro Labs Limited,,,,,,
141,MICRO,GTF-2,4018,BETA ANXIT-20,1*10TAB,10 ML,Micro Labs Limited,,,,,,
142,MICRO,VISION-2,2229,BETABRIM E/DROPS,1*5ML,10 ML,Micro Labs Limited,,,,,,
143,MICRO,VISION-2,8353,BETAFREE EYE DROPS,1*5ML,10 ML,Micro Labs Limited,,,,,,
144,MICRO,Derma (MICRO),MIBET1,BETAGEL,1*15GM,GENERAL,Micro Labs Limited,,,,,,
145,MICRO,Derma (MICRO),MIBET2,BETAGEL-G,1*15GM,GENERAL,Micro Labs Limited,,,,,,
146,MICRO,Derma (MICRO),MIBET3,BETAGEL-S,1*15GGM,GENERAL,Micro Labs Limited,,,,,,
147,MICRO,VISION,3494,BFN E/DROPS,1*10ML,10 ML,Micro Labs Limited,,,,,,
148,MICRO,NOVA,B&BIC1,BICEF-125 DT,1*10TAB,GENERAL,Micro Labs Limited,,,,,,
149,MICRO,NOVA,1503,BICEF-125 MG SYP,1*30ML,10 ML,Micro Labs Limited,,,,,,
150,MICRO,NOVA,B&BIC2,BICEF-250 DT,1*10TAB,GENERAL,Micro Labs Limited,,,,,,
151,MICRO,NOVA,1504,BICEF-250 MG SYP,1*30ML,10 ML,Micro Labs Limited,,,,,,
152,MICRO,NOVA,B&BIC3,BICEF-500 DT,1*10TAB,GENERAL,Micro Labs Limited,,,,,,
153,MICRO,NOVA,3799,BICEF-CV-250MG,1*10TAB,10 ML,Micro Labs Limited,,,,,,
154,MICRO,NOVA,3800,BICEF-CV-500MG,1*10TAB,10 ML,Micro Labs Limited,,,,,,
155,MICRO,NOVA,MI45,BILAST,1*10,10 ML,Micro Labs Limited,,,,,,
156,MICRO,NOVA,MI82,BILAST-40 TAB,1*10,10 ML,Micro Labs Limited,,,,,,
157,MICRO,NOVA,MI28,BILAST-M,1*10TAB,10 ML,Micro Labs Limited,,,,,,
158,MICRO,NOVA,MI102,BILAST-M SYP 60 ML,1*10TAB,10 ML,Micro Labs Limited,,,,,,
159,MICRO,VISION-2,8355,BIMADAY E/DROPS,1*3ML,10 ML,Micro Labs Limited,,,,,,
160,MICRO,BROWN & BURK,B&BIO2,BIOFER,1*10TAB,GENERAL,Micro Labs Limited,,,,,,
161,MICRO,BROWN & BURK,3906,BIOFER-XT DROPS,1*1PIECE,10 ML,Micro Labs Limited,,,,,,
162,MICRO,BROWN & BURK,3012,BIOFER-XT SYP,1*150ML,10 ML,Micro Labs Limited,,,,,,
163,MICRO,HEALTHCARE,2206,BIOFER-XT TAB,1*6TAB,10 ML,Micro Labs Limited,,,,,,
164,MICRO,BROWN & BURK,B&BIO1,BIOSTAR,1*10CAP,GENERAL,Micro Labs Limited,,,,,,
165,MICRO,BROWN & BURK,3100,BIOSTAR GOLD,1*10CAP,10 ML,Micro Labs Limited,,,,,,
166,MICRO,GTF-2,1749,BIOVITAL,1*6CAP,GENERAL,Micro Labs Limited,,,,,,
167,MICRO,BROWN & BURK,9398,BIOVITAL GOLD CAP,1*15CAP,10 ML,Micro Labs Limited,,,,,,
168,MICRO,HEALTHCARE,MI90,BIPACEF-1500MG INJ,1*1,10 ML,Micro Labs Limited,,,,,,
169,MICRO,HEALTHCARE,MI55,BIPACEF-250MG,1*10TAB,10 ML,Micro Labs Limited,,,,,,
170,MICRO,HEALTHCARE,MI56,BIPACEF-500MG,1*10TAB,10 ML,Micro Labs Limited,,,,,,
171,MICRO,HEALTHCARE,8719,BIPACEF-750MG INJ,1*1INJ,10 ML,Micro Labs Limited,,,,,,
172,MICRO,CARDICARE,MI104,BISOLONG-2.5 MG TAB,10,10 ML,Micro Labs Limited,,,,,,
173,MICRO,CARDICARE,MI105,BISOLONG-5 MG TAB,10,10 ML,Micro Labs Limited,,,,,,
174,MICRO,CARDICARE,MI107,BISOT-2.5 TAB,10,10 ML,Micro Labs Limited,,,,,,
175,MICRO,CARDICARE,MI106,BISOT-5 TAB,10,10 ML,Micro Labs Limited,,,,,,
176,MICRO,HEALTHCARE,1074,BONMIN CAP,1*10CAP,10 ML,Micro Labs Limited,,,,,,
177,MICRO,CARDICARE,8084,BONMIN-K2,1*10CAP,10 ML,Micro Labs Limited,,,,,,
178,MICRO,CARCYON,MI8,BRIGREL TAB,1*10,10 ML,Micro Labs Limited,,,,,,
179,MICRO,SYNAPES,MI43,BRIVAPRIDE-100MG,1*10TAB,10 ML,Micro Labs Limited,,,,,,
180,MICRO,SYNAPES,MI44,BRIVAPRIDE-50MG,1*10,10 ML,Micro Labs Limited,,,,,,
181,MICRO,SYNAPES,MI60,BRIVAPRIDE-75MG,1*10,10 ML,Micro Labs Limited,,,,,,
182,MICRO,BROWN & BURK,B&BRU1,BRUCET,1*10,GENERAL,Micro Labs Limited,,,,,,
183,MICRO,Gtf,9713,BUCAY OINT,1*20GM,10 ML,Micro Labs Limited,,,,,,
184,MICRO,NOVA,5476,CALNIFIT TAB,1*10TAB,10 ML,Micro Labs Limited,,,,,,
185,MICRO,Derma (MICRO),1579,CALOSOFT LOTION 100ML,1*100ML,10 ML,Micro Labs Limited,,,,,,
186,MICRO,Derma (MICRO),2482,CALOSOFT LOTION 50ML,1*50ML,10 ML,Micro Labs Limited,,,,,,
187,MICRO,Derma (MICRO),8032,CALOSOFT PLUS,1*30GM,10 ML,Micro Labs Limited,,,,,,
188,MICRO,Derma (MICRO),6987,CALOSOFT-AF 100ML,1*100ML,10 ML,Micro Labs Limited,,,,,,
189,MICRO,Derma (MICRO),7028,CALOSOFT-AF 50ML,1*50ML,10 ML,Micro Labs Limited,,,,,,
190,MICRO,CARCYON,1542,CANDELONG-16,1*10TAB,10 ML,Micro Labs Limited,,,,,,
191,MICRO,CARCYON,1541,CANDELONG-4,1*10TAB,10 ML,Micro Labs Limited,,,,,,
192,MICRO,CARCYON,1927,CANDELONG-8,1*10TAB,10 ML,Micro Labs Limited,,,,,,
193,MICRO,NA,7737,CARBOX-150MG,1*10TAB,10 ML,Micro Labs Limited,,,,,,
194,MICRO,NA,2965,CARBOX-300,1*10,10 ML,Micro Labs Limited,,,,,,
195,MICRO,Gtf,8632,CARIPIL SYP,1*150ML,10 ML,Micro Labs Limited,,,,,,
196,MICRO,GTF-2,7031,CARIPILL TAB,1*15,10 ML,Micro Labs Limited,,,,,,
197,MICRO,CARDICARE,4041,CARTINEX TAB,1*10TAB,10 ML,Micro Labs Limited,,,,,,
198,MICRO,CARCYON,MICAR1,CARVIDON-20,1*10TAB,GENERAL,Micro Labs Limited,,,,,,
199,MICRO,CARCYON,487,CARVIDON-MR,1*10TAB,10'S,Micro Labs Limited,,,,,,
200,MICRO,CARCYON,4984,CARVIDON-MT,1*10TAB,10 ML,Micro Labs Limited,,,,,,
201,MICRO,CARCYON,1695,CARVIDON-OD CAP,1*10TAB,10 ML,Micro Labs Limited,,,,,,
202,MICRO,CARDICARE,MICAR2,CARVIPRESS-12.5,1*10TAB,GENERAL,Micro Labs Limited,,,,,,
203,MICRO,CARDICARE,550,CARVIPRESS-25,1*10TAB,10'S,Micro Labs Limited,,,,,,
204,MICRO,CARDICARE,MICAR3,CARVIPRESS-3.125,1*10TAB,GENERAL,Micro Labs Limited,,,,,,
205,MICRO,CARDICARE,551,CARVIPRESS-6.25,1*10TAB,10'S,Micro Labs Limited,,,,,,
206,MICRO,HEALTHCARE,1728,CEFGLOBE-100MG,1*10TAB,10 ML,Micro Labs Limited,,,,,,
207,MICRO,HEALTHCARE,1729,CEFGLOBE-200,1*10TAB,10 ML,Micro Labs Limited,,,,,,
208,MICRO,EROSE,4064,CEFGLOBE-OZ TAB,1*6TAB,10 ML,Micro Labs Limited,,,,,,
209,MICRO,HEALTHCARE,2522,CEFGLOBE-S 1GM INJ,1*1INJ,10 ML,Micro Labs Limited,,,,,,
210,MICRO,EROSE,4075,CEFGLOBE-S-FORTE 1.5GM INJ,1*1INJ,10 ML,Micro Labs Limited,,,,,,
211,MICRO,EROSE,4231,CEFGLOBE-S-FORTE 2GM INJ,1*1INJ,10 ML,Micro Labs Limited,,,,,,
212,MICRO,Gtf,5035,CEFGLOB-S-FORTE-3GM,1*1INJ,10 ML,Micro Labs Limited,,,,,,
213,MICRO,SYNAPES,MICEL,CELEPRA-10MG,1*10TAB,GENERAL,Micro Labs Limited,,,,,,
214,MICRO,SYNAPES,110,CELEPRA-20MG,1*10tab,10'S,Micro Labs Limited,,,,,,
215,MICRO,SYNAPES,142,CELEPRA-40,1*10tab,10'S,Micro Labs Limited,,,,,,
216,MICRO,CARDICARE,MICHA1,CHANNEL-30,1*10TAB,GENERAL,Micro Labs Limited,,,,,,
217,MICRO,CARDICARE,MICHA2,CHANNEL-60,1*10TAB,GENERAL,Micro Labs Limited,,,,,,
218,MICRO,CARDICARE,MICHA3,CHANNEL-SR 90,1*10CAP,GENERAL,Micro Labs Limited,,,,,,
219,MICRO,CARDICARE,1083,CHANNEL-SR-120,1*10CAP,10 ML,Micro Labs Limited,,,,,,
220,MICRO,Gtf,MI115,CHOOZ CREAM 10GM,10,10 ML,Micro Labs Limited,,,,,,
221,MICRO,Gtf,MI116,CHOOZ- CREAM 5 GM,10,10 ML,Micro Labs Limited,,,,,,
222,MICRO,URO,9109,CITALIFT SYP,1*10,10 ML,Micro Labs Limited,,,,,,
223,MICRO,BROWN & BURK,6986,CLARIWIN DRY SYP 125MG,1*125MG,10 ML,Micro Labs Limited,,,,,,
224,MICRO,BROWN & BURK,B&CLA1,CLARIWIN-250,1*10TAB,GENERAL,Micro Labs Limited,,,,,,
225,MICRO,BROWN & BURK,2196,CLARIWIN-500MG,1*4TAB,10 ML,Micro Labs Limited,,,,,,
226,MICRO,BROWN & BURK,3071,CLARIWIN-DT,1*5,10 ML,Micro Labs Limited,,,,,,
227,MICRO,EROSE,3918,CLYNOX CAP,1*10CAP,10 ML,Micro Labs Limited,,,,,,
228,MICRO,VISION,2051,CORNIGEL OINT,1*5GM,10 ML,Micro Labs Limited,,,,,,
229,MICRO,NOVA,1730,CORTIL,1*10TAB,10 ML,Micro Labs Limited,,,,,,
230,MICRO,Derma (MICRO),MICOR3,CORTILATE,1*15GM,GENERAL,Micro Labs Limited,,,,,,
231,MICRO,Derma (MICRO),MICOR1,CORTILATE-N,1*15GM,GENERAL,Micro Labs Limited,,,,,,
232,MICRO,Derma (MICRO),MICOR2,CORTILATE-S,1*15GM,GENERAL,Micro Labs Limited,,,,,,
233,MICRO,Derma (MICRO),2939,COVERIT 10%,1*1,10 ML,Micro Labs Limited,,,,,,
234,MICRO,Derma (MICRO),MI59,COVERIT PLUS,1*1,10 ML,Micro Labs Limited,,,,,,
235,MICRO,Derma (MICRO),1580,COVERIT-2%,1*60ML,10 ML,Micro Labs Limited,,,,,,
236,MICRO,Derma (MICRO),1581,COVERIT-5%,1*60ML,10 ML,Micro Labs Limited,,,,,,
237,MICRO,SYNAPES,MICOX1,COXIB-200,1*10,GENERAL,Micro Labs Limited,,,,,,
238,MICRO,GTF-2,MI40,CURCUPRIDE,1*15,10 ML,Micro Labs Limited,,,,,,
239,MICRO,DERMA NEW (MICRO),6995,CUTIWASH,1*60ML,10 ML,Micro Labs Limited,,,,,,
240,MICRO,DERMA NEW (MICRO),6996,CUTIWASH SOFT,1*60ML,10 ML,Micro Labs Limited,,,,,,
241,MICRO,NA,MIDIP,D,1*10TAB,GENERAL,Micro Labs Limited,,,,,,
242,MICRO,CARDICARE,8800,DABILONG-110,1*10TAB,10 ML,Micro Labs Limited,,,,,,
243,MICRO,CARDICARE,8801,DABILONG-150,1*10,10 ML,Micro Labs Limited,,,,,,
244,MICRO,CARDICARE,8891,DABILONG-75MG,1*10,10 ML,Micro Labs Limited,,,,,,
245,MICRO,CARCYON,MI35,DAJIO-10MG,1*10TAB,10 ML,Micro Labs Limited,,,,,,
246,MICRO,CARCYON,MI89,DAJIO-5 TAB,1*10TAB,10 ML,Micro Labs Limited,,,,,,
247,MICRO,CARCYON,MI161,DAJIO-GM 1 TAB,1*10TAB,10 ML,Micro Labs Limited,,,,,,
248,MICRO,CARCYON,MI162,DAJIO-GM 2 TAB,10,10 ML,Micro Labs Limited,,,,,,
249,MICRO,CARCYON,MI147,DAJIO-GM FORTE 2 TAB,1*10TAB,10 ML,Micro Labs Limited,,,,,,
250,MICRO,CARCYON,MI130,DAJIO-L 5 TAB,1*10TAB,10 ML,Micro Labs Limited,,,,,,
251,MICRO,CARCYON,MI41,DAJIO-M-1000,1*10TAB,10 ML,Micro Labs Limited,,,,,,
252,MICRO,CARCYON,MI42,DAJIO-M-500,1*10,10 ML,Micro Labs Limited,,,,,,
253,MICRO,SYNAPES,4070,DAPOLAST-30,1*6TAB,10 ML,Micro Labs Limited,,,,,,
254,MICRO,CARCYON,8145,DARBOSIS-25,1*1,10 ML,Micro Labs Limited,,,,,,
255,MICRO,CARCYON,8146,DARBOSIS-40,1*1,10 ML,Micro Labs Limited,,,,,,
256,MICRO,Gtf,MIDAW1,DAWNEX,1*10CAP,GENERAL,Micro Labs Limited,,,,,,
257,MICRO,DERMA NEW (MICRO),6997,DENSUEX,1*60ML,10 ML,Micro Labs Limited,,,,,,
258,MICRO,CARDICARE,2068,DIABOSE-25,1*10TAB,10 ML,Micro Labs Limited,,,,,,
259,MICRO,CARDICARE,552,DIABOSE-50,1*10TAB,10'S,Micro Labs Limited,,,,,,
260,MICRO,CARDICARE,6622,DIACOMB-D3,1*10CAP,10 ML,Micro Labs Limited,,,,,,
261,MICRO,Dtf,1576,DIAMIG-25,1*10TAB,10 ML,Micro Labs Limited,,,,,,
262,MICRO,Dtf,1575,DIAMIG-50,1*10TAB,10 ML,Micro Labs Limited,,,,,,
263,MICRO,CARCYON,MIDIA1,DIANORM,1*20TAB,GENERAL,Micro Labs Limited,,,,,,
264,MICRO,CARCYON,2320,DIANORM FORTE,1*10TAB,10 ML,Micro Labs Limited,,,,,,
265,MICRO,CARCYON,4033,DIANORM TOTAL-30MG,1*15TAB,10 ML,Micro Labs Limited,,,,,,
266,MICRO,CARCYON,4038,DIANORM TOTAL-60MG,1*10TAB,10 ML,Micro Labs Limited,,,,,,
267,MICRO,CARCYON,MIDIA4,DIANORM-40,1*20TAB,GENERAL,Micro Labs Limited,,,,,,
268,MICRO,CARCYON,MIDIA3,DIANORM-M,1*10TAB,GENERAL,Micro Labs Limited,,,,,,
269,MICRO,CARCYON,803,DIANORM-M-OD,1*10TAB,10'S,Micro Labs Limited,,,,,,
270,MICRO,CARCYON,7344,DIANORM-M-OD-1000MG,1*10TAB,10 ML,Micro Labs Limited,,,,,,
271,MICRO,CARCYON,1929,DIANORM-OD,1*10TAB,10 ML,Micro Labs Limited,,,,,,
272,MICRO,CARCYON,553,DIANORM-OD 30MG,1*10TAB,10'S,Micro Labs Limited,,,,,,
273,MICRO,CARCYON,623,DIANORM-OD-60,1*10TAB,10'S,Micro Labs Limited,,,,,,
274,MICRO,Dtf,MIDIP4,DIAPRIDE FORTE,1*10TAB,GENERAL,Micro Labs Limited,,,,,,
275,MICRO,Dtf,1875,DIAPRIDE FORTE 1G,1*10TAB,10 ML,Micro Labs Limited,,,,,,
276,MICRO,Dtf,MIDIP3,DIAPRIDE PLUS,1*10TAB,GENERAL,Micro Labs Limited,,,,,,
277,MICRO,Dtf,1874,DIAPRIDE PLUS 1G,1*10TAB,10 ML,Micro Labs Limited,,,,,,
278,MICRO,Dtf,MIDIP1,DIAPRIDE-1,1*10TAB,GENERAL,Micro Labs Limited,,,,,,
279,MICRO,Dtf,MIDIP2,DIAPRIDE-2,1*10TAB,GENERAL,Micro Labs Limited,,,,,,
280,MICRO,Dtf,MIDIP5,DIAPRIDE-4,1*10TAB,GENERAL,Micro Labs Limited,,,,,,
281,MICRO,Dtf,MI150,DIAPRIDE-DM 1 FORTE TAB,10,10 ML,Micro Labs Limited,,,,,,
282,MICRO,Dtf,MI148,DIAPRIDE-DM 1 TAB,1*10TAB,10 ML,Micro Labs Limited,,,,,,
283,MICRO,Dtf,MI151,DIAPRIDE-DM 2 FORTE,10,10 ML,Micro Labs Limited,,,,,,
284,MICRO,Dtf,MI149,DIAPRIDE-DM 2 TAB,10,10 ML,Micro Labs Limited,,,,,,
285,MICRO,Dtf,9079,DIAPRIDE-M-.5,1*10TAB,10 ML,Micro Labs Limited,,,,,,
286,MICRO,Dtf,4047,DIAPRIDE-M-1,1*10TAB,10 ML,Micro Labs Limited,,,,,,
287,MICRO,Dtf,4274,DIAPRIDE-M1 FORTE,1*10TAB,10 ML,Micro Labs Limited,,,,,,
288,MICRO,DTF-3,9080,DIAPRIDE-M1-HV,1*10TAB,10 ML,Micro Labs Limited,,,,,,
289,MICRO,DTF-3,9081,DIAPRIDE-M1-LV,1*10TAB,10 ML,Micro Labs Limited,,,,,,
290,MICRO,Dtf,4268,DIAPRIDE-M-2,1*10TAB,10 ML,Micro Labs Limited,,,,,,
291,MICRO,Dtf,4042,DIAPRIDE-M2 FORTE,1*10TAB,10 ML,Micro Labs Limited,,,,,,
292,MICRO,DTF-3,9082,DIAPRIDE-M2-HV,1*10,10 ML,Micro Labs Limited,,,,,,
293,MICRO,DTF-3,9083,DIAPRIDE-M2-LV,1*10,10 ML,Micro Labs Limited,,,,,,
294,MICRO,Dtf,MI138,DIAPRIDE-M3,1*15,10 ML,Micro Labs Limited,,,,,,
295,MICRO,Dtf,5104,DIAPRIDE-M3 FORTE,1*10TAB,10 ML,Micro Labs Limited,,,,,,
296,MICRO,Dtf,5105,DIAPRIDE-M4 FORTE,1*10TAB,10 ML,Micro Labs Limited,,,,,,
297,MICRO,OTX,MI145,DIAPRIDE-M4 TAB,1*15,10 ML,Micro Labs Limited,,,,,,
298,MICRO,Dtf,MI137,DIAPRIDE-MS2 FORTE,1*10,10 ML,Micro Labs Limited,,,,,,
299,MICRO,Dtf,2073,DIARICH POWDER,1*200GM,10 ML,Micro Labs Limited,,,,,,
300,MICRO,Dtf,3601,DIARICH POWDER 100GM,1*100GM,10 ML,Micro Labs Limited,,,,,,
301,MICRO,HEALTHCARE,8033,DIASURE-SR POWDER,1*200GM,10 ML,Micro Labs Limited,,,,,,
302,MICRO,Dtf,3634,DIAVAS-1MG,1*10TAB,10 ML,Micro Labs Limited,,,,,,
303,MICRO,Dtf,3635,DIAVAS-2MG,1*10TAB,10 ML,Micro Labs Limited,,,,,,
304,MICRO,Dtf,MIDIB2,DIBIZIDE,1*10TAB,GENERAL,Micro Labs Limited,,,,,,
305,MICRO,DTF-3,MIDIB1,DIBIZIDE-M,1*10TAB,GENERAL,Micro Labs Limited,,,,,,
306,MICRO,CARCYON,71,DIBIZIDE-OD,1*10TAB,10'S,Micro Labs Limited,,,,,,
307,MICRO,CARCYON,70,DIBIZIDE-OD-10MG,1*10TAB,10'S,Micro Labs Limited,,,,,,
308,MICRO,Derma (MICRO),1594,DIFLORATE CREAM,1*15GM,10 ML,Micro Labs Limited,,,,,,
309,MICRO,VISION,493,DILATE E/DROP,1*5ML,10'S,Micro Labs Limited,,,,,,
310,MICRO,NA,MI158,DIVALPRID-OD 1000,10,10 ML,Micro Labs Limited,,,,,,
311,MICRO,SYNAPES,1564,DIVALPRID-OD 500,1*10TAB,10 ML,Micro Labs Limited,,,,,,
312,MICRO,SYNAPES,1511,DIVALPRID-OD-250MG,1*10TAB,10 ML,Micro Labs Limited,,,,,,
313,MICRO,SYNAPES,1696,DIVALPRID-OD-750,1*10TAB,10 ML,Micro Labs Limited,,,,,,
314,MICRO,EROSE,3941,DIVON GEL,1*30GM,10 ML,Micro Labs Limited,,,,,,
315,MICRO,EROSE,4266,DIVON-INJ,1*1,10 ML,Micro Labs Limited,,,,,,
316,MICRO,EROSE,4060,DIVON-MR TAB,1*10TAB,10 ML,Micro Labs Limited,,,,,,
317,MICRO,EROSE,3942,DIVON-PLUS,1*10TAB,10 ML,Micro Labs Limited,,,,,,
318,MICRO,EROSE,3944,DIVON-RB,1*10TAB,10 ML,Micro Labs Limited,,,,,,
319,MICRO,EROSE,3919,DIVON-S TAB,1*10TAB,10 ML,Micro Labs Limited,,,,,,
320,MICRO,EROSE,3943,DIVON-SR,1*10TAB,10 ML,Micro Labs Limited,,,,,,
321,MICRO,Derma (MICRO),9854,D-LORINOL,1*10,10 ML,Micro Labs Limited,,,,,,
322,MICRO,GTF-2,7947,DO,1*10TAB,10 ML,Micro Labs Limited,,,,,,
323,MICRO,Gtf,1595,DOLO DROPS,1*15ML,10 ML,Micro Labs Limited,,,,,,
324,MICRO,HEALTHCARE,4566,DOLO I.V.,1*1,10 ML,Micro Labs Limited,,,,,,
325,MICRO,Gtf,4565,DOLO INJ,1*1INJ,10 ML,Micro Labs Limited,,,,,,
326,MICRO,Gtf,MIDOL3,DOLO SYP,1*60ML,GENERAL,Micro Labs Limited,,,,,,
327,MICRO,Gtf,4074,DOLO-1000MG,1*10TAB,10 ML,Micro Labs Limited,,,,,,
328,MICRO,Gtf,4579,DOLO-120 SYP,1*60ml,10 ML,Micro Labs Limited,,,,,,
329,MICRO,Gtf,2948,DOLO-250 SYP,1*30ML,10 ML,Micro Labs Limited,,,,,,
330,MICRO,Gtf,2296,DOLO-500,1*10TAB,10 ML,Micro Labs Limited,,,,,,
331,MICRO,Gtf,MIDOL1,DOLO-650,1*10TAB,GENERAL,Micro Labs Limited,,,,,,
332,MICRO,BROWN & BURK,MI7,DOLOBAK TAB,1*10,10 ML,Micro Labs Limited,,,,,,
333,MICRO,NOVA,2027,DOLOCET,1*10TAB,10 ML,Micro Labs Limited,,,,,,
334,MICRO,GTF-2,1916,DOLO-COLD SYP,1*60ML,10 ML,Micro Labs Limited,,,,,,
335,MICRO,GTF-3,1843,DOLO-COLD TAB,1*10TAB,10 ML,Micro Labs Limited,,,,,,
336,MICRO,HEALTHCARE,2064,DOLOKOFF 100ML SYP,1*100ML,10 ML,Micro Labs Limited,,,,,,
337,MICRO,HEALTHCARE,1879,DOLOKOFF SYP,1*60ML,10 ML,Micro Labs Limited,,,,,,
338,MICRO,EROSE,7302,DOLOKOFF-DX,1*100ML,10 ML,Micro Labs Limited,,,,,,
339,MICRO,Gtf,MI22,DOLO-MF JUNIOR SYP,1*1,10 ML,Micro Labs Limited,,,,,,
340,MICRO,Gtf,MI2,DOLO-MF SYP,1*60ML,10 ML,Micro Labs Limited,,,,,,
341,MICRO,Gtf,MI154,DOLO-MF TAB,1*1,10 ML,Micro Labs Limited,,,,,,
342,MICRO,NOVA,1604,DOLOPAR DROPS,1*15ML,10 ML,Micro Labs Limited,,,,,,
343,MICRO,NOVA,1609,DOLOPAR GEL,1*30GM,10 ML,Micro Labs Limited,,,,,,
344,MICRO,NOVA,1839,DOLOPAR TAB,1*10TAB,10 ML,Micro Labs Limited,,,,,,
345,MICRO,NOVA,MI80,DOLOPAR-120 SYP,1*15ML,10 ML,Micro Labs Limited,,,,,,
346,MICRO,NOVA,5464,DOLOPAR-125MG SYP,1*60ML,10 ML,Micro Labs Limited,,,,,,
347,MICRO,NOVA,MI133,DOLOPAR-250 SYP 100ML,1*100ML,10 ML,Micro Labs Limited,,,,,,
348,MICRO,NOVA,1605,DOLOPAR-250MG SYP,1*60ML,10 ML,Micro Labs Limited,,,,,,
349,MICRO,NOVA,1746,DOLOPAR-650,1*10TAB,10 ML,Micro Labs Limited,,,,,,
350,MICRO,NOVA,4601,DOLOPAR-M SYP,1*60ML,10 ML,Micro Labs Limited,,,,,,
351,MICRO,NOVA,MI6,DOLOPAR-MDS,1*50ML,10 ML,Micro Labs Limited,,,,,,
352,MICRO,Gtf,MI63,DOLO-T,1*10,10 ML,Micro Labs Limited,,,,,,
353,MICRO,Gtf,MI96,DOLO-TH-4MG,1*10,10 ML,Micro Labs Limited,,,,,,
354,MICRO,EROSE,8786,DOLOTUSS SYP 100ML,1*100ML,10 ML,Micro Labs Limited,,,,,,
355,MICRO,GTF-3,MI3,DOLOTUSS-SF SYP,1*100ML,10 ML,Micro Labs Limited,,,,,,
356,MICRO,GTF-2,638,DOLOWIN,1*10TAB,10'S,Micro Labs Limited,,,,,,
357,MICRO,GTF-2,1600,DOLOWIN FORTE,1*10TAB,10 ML,Micro Labs Limited,,,,,,
358,MICRO,GTF-2,1694,DOLOWIN GEL,1*30GM,10 ML,Micro Labs Limited,,,,,,
359,MICRO,GTF-2,637,DOLOWIN PLUS,1*10TAB,10'S,Micro Labs Limited,,,,,,
360,MICRO,GTF-2,813,DOLOWIN-MR,1*10TAB,10'S,Micro Labs Limited,,,,,,
361,MICRO,NA,MI179,DOLOWIN-SP TAB,10,10 ML,Micro Labs Limited,,,,,,
362,MICRO,GTF-2,5761,DOLOWIN-SPAS,1*10TAB,10 ML,Micro Labs Limited,,,,,,
363,MICRO,GTF-2,1210,DOLOWIN-SR,1*10TAB,10 ML,Micro Labs Limited,,,,,,
364,MICRO,GTF-2,8281,DOLOWIN-TC-4MG,1*10TAB,10 ML,Micro Labs Limited,,,,,,
365,MICRO,GTF-2,MI88,DOLOWIN-TC-8MG,1*10TAB,10 ML,Micro Labs Limited,,,,,,
366,MICRO,Gtf,MIDOL2,DOLOZOX (MICRO),1*10TAB,GENERAL,Micro Labs Limited,,,,,,
367,MICRO,Gtf,5015,DOLPIRITIN TAB,1*10TAB,10 ML,Micro Labs Limited,,,,,,
368,MICRO,SYNAPES,MIDOR1,DORMIN-10,1*10CAP,GENERAL,Micro Labs Limited,,,,,,
369,MICRO,SYNAPES,MIDOT1,DOTHIP-25MG,1*10TAB,GENERAL,Micro Labs Limited,,,,,,
370,MICRO,SYNAPES,MIDOT3,DOTHIP-50,1*10TAB,GENERAL,Micro Labs Limited,,,,,,
371,MICRO,SYNAPES,MIDOT2,DOTHIP-75MG,1*10TAB,GENERAL,Micro Labs Limited,,,,,,
372,MICRO,Gtf,MIEBA1,EBAST,1*10TAB,GENERAL,Micro Labs Limited,,,,,,
373,MICRO,Gtf,4248,EBAST SUSP,1*60ML,10 ML,Micro Labs Limited,,,,,,
374,MICRO,Gtf,7423,EBAST-10-ODT,1*10TAB,10 ML,Micro Labs Limited,,,,,,
375,MICRO,Gtf,1009,EBAST-20,1*10TAB,10 ML,Micro Labs Limited,,,,,,
376,MICRO,Gtf,1182,EBAST-DC,1*10,10 ML,Micro Labs Limited,,,,,,
377,MICRO,Gtf,3039,EBAST-DT,1*10TAB,10 ML,Micro Labs Limited,,,,,,
378,MICRO,Gtf,3493,EBAST-M,1*10TAB,10 ML,Micro Labs Limited,,,,,,
379,MICRO,Gtf,4653,EBAST-M-KID,1*10TAB,10 ML,Micro Labs Limited,,,,,,
380,MICRO,Gtf,7416,EBAST-O-DT,1*10TAB,10 ML,Micro Labs Limited,,,,,,
381,MICRO,BROWN & BURK,2938,EDAVIT 1.5MG INJ,1*1INJ,10 ML,Micro Labs Limited,,,,,,
382,MICRO,BROWN & BURK,6891,ELDOPER CAP,1*10,10 ML,Micro Labs Limited,,,,,,
383,MICRO,NA,MI172,EMPAPRO-10 TAB,10,10 ML,Micro Labs Limited,,,,,,
384,MICRO,NA,MI173,EMPAPRO-25 TAB,10,10 ML,Micro Labs Limited,,,,,,
385,MICRO,NA,MI174,EMPAPRO-L 10/5 TAB,10,10 ML,Micro Labs Limited,,,,,,
386,MICRO,NA,MI175,EMPAPRO-L 25/5 TAB,10,10 ML,Micro Labs Limited,,,,,,
387,MICRO,NA,MI176,EMPAPRO-M 12.5/1000 TAB,10,10 ML,Micro Labs Limited,,,,,,
388,MICRO,NA,MI177,EMPAPRO-M 12.5/500 TAB,10,10 ML,Micro Labs Limited,,,,,,
389,MICRO,CARCYON,MI182,EMPAPRO-M-25/1000 ER,1*10,10 ML,Micro Labs Limited,,,,,,
390,MICRO,SYNAPES,1449,ENCRIPT-2.5 MG,1*10TAB,10 ML,Micro Labs Limited,,,,,,
391,MICRO,EROSE,6376,EOX-CV-457,1*30ML,10 ML,Micro Labs Limited,,,,,,
392,MICRO,Dtf,4283,EPAREL-50MG,1*10TAB,10 ML,Micro Labs Limited,,,,,,
393,MICRO,VISION-2,4582,EPITANE E/DROPS,1*5ml,10 ML,Micro Labs Limited,,,,,,
394,MICRO,SYNAPES,8038,EPITOP-25MG,1*10TAB,10 ML,Micro Labs Limited,,,,,,
395,MICRO,SYNAPES,8039,EPITOP-50MG,1*10TAB,10 ML,Micro Labs Limited,,,,,,
396,MICRO,HEALTHCARE,1866,EPOSIS-10000,1*1,10 ML,Micro Labs Limited,,,,,,
397,MICRO,HEALTHCARE,1864,EPOSIS-2000,1*1,10 ML,Micro Labs Limited,,,,,,
398,MICRO,HEALTHCARE,1865,EPOSIS-4000,1*1,10 ML,Micro Labs Limited,,,,,,
399,MICRO,Gtf,2145,EROFICA-120,1*10,10 ML,Micro Labs Limited,,,,,,
400,MICRO,Gtf,1915,EROFICA-60,1*10TAB,10 ML,Micro Labs Limited,,,,,,
401,MICRO,Gtf,1184,EROFICA-90MG,1*10TAB,10 ML,Micro Labs Limited,,,,,,
402,MICRO,EROSE,4061,EROPHYLLINE CAP,1*10CAP,10 ML,Micro Labs Limited,,,,,,
403,MICRO,EROSE,4050,EROPHYLLINE SYP,1*100ML,10 ML,Micro Labs Limited,,,,,,
404,MICRO,EROSE,MI30,EROPHYLLINE-AC,1*10,10 ML,Micro Labs Limited,,,,,,
405,MICRO,EROSE,3945,EROSTIMIN SYP,1*60ML,10 ML,Micro Labs Limited,,,,,,
406,MICRO,EROSE,ERERO1,EROSTIN,1*10TAB,GENERAL,Micro Labs Limited,,,,,,
407,MICRO,EROSE,3922,EROSTIN-10MG TAB,1*10TAB,10 ML,Micro Labs Limited,,,,,,
408,MICRO,EROSE,3920,EROSTIN-20MG TAB,1*10TAB,10 ML,Micro Labs Limited,,,,,,
409,MICRO,EROSE,3921,EROSTIN-DC,1*10TAB,10 ML,Micro Labs Limited,,,,,,
410,MICRO,EROSE,5517,EROX-250,1*1,10 ML,Micro Labs Limited,,,,,,
411,MICRO,EROSE,5516,EROX-500MG,1*6,10 ML,Micro Labs Limited,,,,,,
412,MICRO,EROSE,4825,EROX-CV SYP,1*60ML,10 ML,Micro Labs Limited,,,,,,
413,MICRO,EROSE,8499,EROX-CV-228.5MG TAB,1*10,10 ML,Micro Labs Limited,,,,,,
414,MICRO,EROSE,4826,EROX-CV-375MG,1*6TAB,10 ML,Micro Labs Limited,,,,,,
415,MICRO,EROSE,6389,EROX-CV-457 DRY SYP,1*30ML,10 ML,Micro Labs Limited,,,,,,
416,MICRO,EROSE,4827,EROX-CV-625MG,1*6TAB,10 ML,Micro Labs Limited,,,,,,
417,MICRO,GTF-2,1638,ESOFAG,1*10TAB,10 ML,Micro Labs Limited,,,,,,
418,MICRO,GTF-2,1206,ESOFAG-D,1*10CAP,10 ML,Micro Labs Limited,,,,,,
419,MICRO,GTF-2,5807,ESOFAG-L,1*10CAP,10 ML,Micro Labs Limited,,,,,,
420,MICRO,GTF-3,6387,ETIZEP-.25MG,1*10TAB,10 ML,Micro Labs Limited,,,,,,
421,MICRO,GTF-3,6388,ETIZEP-.5MG,1*10TAB,10 ML,Micro Labs Limited,,,,,,
422,MICRO,EROSE,3923,ETORICA-120MG,1*10TAB,10 ML,Micro Labs Limited,,,,,,
423,MICRO,EROSE,3924,ETORICA-60MG,1*10TAB,10 ML,Micro Labs Limited,,,,,,
424,MICRO,EROSE,3925,ETORICA-90MG.,1*10TAB,10 ML,Micro Labs Limited,,,,,,
425,MICRO,EROSE,8305,ETORICA-MR,1*10TAB,10 ML,Micro Labs Limited,,,,,,
426,MICRO,EROSE,4062,ETORICA-P,1*10TAB,10 ML,Micro Labs Limited,,,,,,
427,MICRO,NA,594,EXNA-K,1*10TAB,10'S,Micro Labs Limited,,,,,,
428,MICRO,VISION-2,7424,EXTRAGAT EYE DROPS,1*3ML,10 ML,Micro Labs Limited,,,,,,
429,MICRO,VISION-2,3732,EXTRALUBE E/DROPS,1*10ML,10 ML,Micro Labs Limited,,,,,,
430,MICRO,NA,1499,EZEVAS-10,1*10TAB,10 ML,Micro Labs Limited,,,,,,
431,MICRO,EROSE,MI84,FARONAC DRY SYP 30ML,1*10TAB,10 ML,Micro Labs Limited,,,,,,
432,MICRO,EROSE,4073,FARONAC TAB,1*10TAB,10 ML,Micro Labs Limited,,,,,,
433,MICRO,EROSE,9621,FARONAC-ER-300MG,1*10,10 ML,Micro Labs Limited,,,,,,
434,MICRO,VISION-2,MVFBN1,FBN E/DROP,1*5ML,GENERAL,Micro Labs Limited,,,,,,
435,MICRO,CARCYON,3804,FENOVAS TAB,1*10TAB,10 ML,Micro Labs Limited,,,,,,
436,MICRO,CARDICARE,7489,FERISOME,1*10,10 ML,Micro Labs Limited,,,,,,
437,MICRO,NOVA,72,FEROX CAP,1*10CAP,10'S,Micro Labs Limited,,,,,,
438,MICRO,NOVA,69,FEROX SYP,1*200ML,200ML,Micro Labs Limited,,,,,,
439,MICRO,NOVA,3604,FEROX-XT CAP,1*10CAP,10 ML,Micro Labs Limited,,,,,,
440,MICRO,NOVA,5016,FEROX-XT DROPS,1*15ML,10 ML,Micro Labs Limited,,,,,,
441,MICRO,NOVA,3603,FEROX-XT SYP,1*200ML,10 ML,Micro Labs Limited,,,,,,
442,MICRO,HEALTHCARE,7123,FERTIPLUS,1*10,10 ML,Micro Labs Limited,,,,,,
443,MICRO,HEALTHCARE,7124,FERTIPLUS-M,1*10,10 ML,Micro Labs Limited,,,,,,
444,MICRO,NA,MIFEX1,FEXOFAST-120,1*10TAB,GENERAL,Micro Labs Limited,,,,,,
445,MICRO,NA,MIFEX2,FEXOFAST-180,1*10TAB,GENERAL,Micro Labs Limited,,,,,,
446,MICRO,CARDICARE,1574,FIBRAL,1*10TAB,10 ML,Micro Labs Limited,,,,,,
447,MICRO,CARDICARE,1241,FIBROVAS,1*10TAB,10 ML,Micro Labs Limited,,,,,,
448,MICRO,CARDICARE,2140,FIBROVAS-EZ,1*10TAB,10 ML,Micro Labs Limited,,,,,,
449,MICRO,Derma (MICRO),3126,FINCOVER TAB,1*10TAB,10 ML,Micro Labs Limited,,,,,,
450,MICRO,Derma (MICRO),2525,FINTRIX OINTMENT,1*10GM,10 ML,Micro Labs Limited,,,,,,
451,MICRO,Derma (MICRO),2921,FINTRIX TAB,1*10TAB,10 ML,Micro Labs Limited,,,,,,
452,MICRO,Derma (MICRO),MI68,FINTRIX-500,1*7,10 ML,Micro Labs Limited,,,,,,
453,MICRO,SYNAPES,MIFLU,FLUDAWN,1*10CAP,GENERAL,Micro Labs Limited,,,,,,
454,MICRO,VISION,3002,FLUMAC E/DROPS,1*5ML,10 ML,Micro Labs Limited,,,,,,
455,MICRO,VISION,3022,FLUMACE,1*5ML,10 ML,Micro Labs Limited,,,,,,
456,MICRO,SYNAPES,4071,FLURAZ CAP,1*10CAP,10 ML,Micro Labs Limited,,,,,,
457,MICRO,VISION-2,MVFLU1,FLURISONE E/DROPS,1*5ML,GENERAL,Micro Labs Limited,,,,,,
458,MICRO,VISION-2,2111,FLURISONE E/OINT,1*5GM,10 ML,Micro Labs Limited,,,,,,
459,MICRO,VISION-2,6628,FLURISONE-T E/DROPS,1*5ML,10 ML,Micro Labs Limited,,,,,,
460,MICRO,NOVA,3189,FOLFIT TAB,1*10TAB,10 ML,Micro Labs Limited,,,,,,
461,MICRO,CARCYON,6912,FORSEMER-400MG,1*10TAB,10 ML,Micro Labs Limited,,,,,,
462,MICRO,CARCYON,6913,FORSEMER-800MG,1*10TAB,10 ML,Micro Labs Limited,,,,,,
463,MICRO,NOVA,1259,FULGEST-100,1*10CAP,10 ML,Micro Labs Limited,,,,,,
464,MICRO,NOVA,1518,FULGEST-200MG,1*10CAP,10 ML,Micro Labs Limited,,,,,,
465,MICRO,NOVA,7103,FULGEST-SR-200MG,1*10,10 ML,Micro Labs Limited,,,,,,
466,MICRO,NOVA,7104,FULGEST-SR-300MG,1*10,10 ML,Micro Labs Limited,,,,,,
467,MICRO,NOVA,1502,FULTERM,1*10TAB,10 ML,Micro Labs Limited,,,,,,
468,MICRO,Derma (MICRO),1517,FUNGI TOP GEL,1*15GM,10 ML,Micro Labs Limited,,,,,,
469,MICRO,NOVA,1519,FUNGICON-150MG,1*1CAP,10 ML,Micro Labs Limited,,,,,,
470,MICRO,Derma (MICRO),1637,FUNGINA-150 CAP,1*1CAP,10 ML,Micro Labs Limited,,,,,,
471,MICRO,Derma (MICRO),1571,FUNGITOP-F,1*15GM,10 ML,Micro Labs Limited,,,,,,
472,MICRO,SYNAPES,1000,GABALEPT-300MG,1*10CAP,10 ML,Micro Labs Limited,,,,,,
473,MICRO,SYNAPES,MI159,GABALEPT-NT-100MG,1*10,10 ML,Micro Labs Limited,,,,,,
474,MICRO,SYNAPES,MI160,GABALEPT-NT-400MG,1*10,10 ML,Micro Labs Limited,,,,,,
475,MICRO,NA,MI78,GANSECURE EYE GEL,10,10 ML,Micro Labs Limited,,,,,,
476,MICRO,GTF-2,MI129,GASTRIDE CAP,1*10,10 ML,Micro Labs Limited,,,,,,
477,MICRO,EROSE,ERGAT1,GATIGRAM-400,1*10TAB,GENERAL,Micro Labs Limited,,,,,,
478,MICRO,EROSE,2275,GATIGRAM-OZ,1*10MICRO,10 ML,Micro Labs Limited,,,,,,
479,MICRO,GTF-3,1596,GCS TAB,1*15TAB,10 ML,Micro Labs Limited,,,,,,
480,MICRO,Gtf,2946,GEMITAB,1*10TAB,10 ML,Micro Labs Limited,,,,,,
481,MICRO,VISION,MI77,GENSECURE OINT,1*1,10 ML,Micro Labs Limited,,,,,,
482,MICRO,NOVA,1924,GINKOBA,1*10,10 ML,Micro Labs Limited,,,,,,
483,MICRO,NOVA,4511,GINKOBA-M CAP,1*10CAP,10 ML,Micro Labs Limited,,,,,,
484,MICRO,HEALTHCARE,1247,GLUTOWIN FORTE,1*10TAB,10 ML,Micro Labs Limited,,,,,,
485,MICRO,Derma (MICRO),9240,GLYCO-12,1*1,10 ML,Micro Labs Limited,,,,,,
486,MICRO,Derma (MICRO),1679,GLYCO-6 CREAM,1*30GM,10 ML,Micro Labs Limited,,,,,,
487,MICRO,Derma (MICRO),1514,GLYCO-A CREAM,1*30GM,10 ML,Micro Labs Limited,,,,,,
488,MICRO,NOVA,1913,GOLDPRIM CAP,1*10CAP,10 ML,Micro Labs Limited,,,,,,
489,MICRO,GTF-2,1521,GRAMOCEF-250MG INJ,1*250MG,10 ML,Micro Labs Limited,,,,,,
490,MICRO,GTF-2,4054,GRAMOCEF-2GM INJ,1*2GM,10 ML,Micro Labs Limited,,,,,,
491,MICRO,Gtf,73,GRAMOCEF-50 SYP,1*30ML,30ML,Micro Labs Limited,,,,,,
492,MICRO,GTF-2,4065,GRAMOCEF-500INJ,1*1,10 ML,Micro Labs Limited,,,,,,
493,MICRO,GTF-2,1807,GRAMOCEF-CV,1*6,10'S,Micro Labs Limited,,,,,,
494,MICRO,Gtf,3808,GRAMOCEF-CV DRY SYP,1*30ML,10 ML,Micro Labs Limited,,,,,,
495,MICRO,GTF-2,2949,GRAMOCEF-CV-100,1*10,10 ML,Micro Labs Limited,,,,,,
496,MICRO,GTF-2,MIGRA3,GRAMOCEFF-1000MG,1*1000MG,GENERAL,Micro Labs Limited,,,,,,
497,MICRO,Gtf,6820,GRAMOCEF-L,1*10,10 ML,Micro Labs Limited,,,,,,
498,MICRO,Gtf,6821,GRAMOCEF-L,,20 ML,Micro Labs Limited,,,,,,
499,MICRO,Gtf,MIGRA4,GRAMOCEF-O- 50DT,1*10TAB,GENERAL,Micro Labs Limited,,,,,,
500,MICRO,Gtf,8728,GRAMOCEF-O-100 DRY/SYP,1*100ML,10 ML,Micro Labs Limited,,,,,,
501,MICRO,Gtf,MIGRA2,GRAMOCEF-O-100MG TAB,1*4CAT,GENERAL,Micro Labs Limited,,,,,,
502,MICRO,GTF-3,MIGRA1,GRAMOCEF-O-200MG TAB,1*4TAB,GENERAL,Micro Labs Limited,,,,,,
503,MICRO,GTF-3,2804,GRAMOCEF-O-400 TAB,1*10TAB,10 ML,Micro Labs Limited,,,,,,
504,MICRO,Gtf,4759,GRAMOCEF-OF TAB,1*10TAB,10 ML,Micro Labs Limited,,,,,,
505,MICRO,Gtf,3911,GRAMOCEF-O-PLUS,1*10TAB,10 ML,Micro Labs Limited,,,,,,
506,MICRO,GTF-2,1598,GRAMOCEF-S-1.5GM,1*1UNIT,10 ML,Micro Labs Limited,,,,,,
507,MICRO,BROWN & BURK,355,GYNACEA,1*10CAP,10'S,Micro Labs Limited,,,,,,
508,MICRO,Derma (MICRO),4016,HALODER LOTION,1*15ML,10 ML,Micro Labs Limited,,,,,,
509,MICRO,Derma (MICRO),2483,HALODERM CREAM,1*10GM,10 ML,Micro Labs Limited,,,,,,
510,MICRO,Derma (MICRO),7303,HALODERM-A CREAM 30GM,1*30GM,10 ML,Micro Labs Limited,,,,,,
511,MICRO,Derma (MICRO),4017,HALODERM-S OINTMENT,1*15GM,10 ML,Micro Labs Limited,,,,,,
512,MICRO,Derma (MICRO),5806,HARVEST CAP,1*15CAP,10 ML,Micro Labs Limited,,,,,,
513,MICRO,BROWN & BURK,356,HELIRAB-20,1*10TAB,10'S,Micro Labs Limited,,,,,,
514,MICRO,BROWN & BURK,882,HELIRAB-D,1*10CAP,10 ML,Micro Labs Limited,,,,,,
515,MICRO,BROWN & BURK,3847,HELIRAB-I.V.,1*1INJ,10 ML,Micro Labs Limited,,,,,,
516,MICRO,BROWN & BURK,3773,HELIRAB-IT,1*10CAP,10 ML,Micro Labs Limited,,,,,,
517,MICRO,Derma (MICRO),2454,HELODERM,1*10,10 ML,Micro Labs Limited,,,,,,
518,MICRO,VISION,2030,HERPERAX E/OINT,1*5GM,10 ML,Micro Labs Limited,,,,,,
519,MICRO,VISION,2052,HERPERAX EYE/OINT,1*5GM,10 ML,Micro Labs Limited,,,,,,
520,MICRO,Derma (MICRO),MIHER2,HERPERAX OINT,1*5GM,GENERAL,Micro Labs Limited,,,,,,
521,MICRO,Derma (MICRO),MIHER1,HERPERAX-200 MG,1*10TAB,GENERAL,Micro Labs Limited,,,,,,
522,MICRO,Derma (MICRO),1582,HERPERAX-400MG,1*10TAB,10 ML,Micro Labs Limited,,,,,,
523,MICRO,Derma (MICRO),1583,HERPEREX-800MG,1*10TAB,10 ML,Micro Labs Limited,,,,,,
524,MICRO,NOVA,1602,HICET,1*10TAB,10 ML,Micro Labs Limited,,,,,,
525,MICRO,NOVA,1860,HICET SYP,1*30ML,10 ML,Micro Labs Limited,,,,,,
526,MICRO,NOVA,1747,HICET-AX SYP,1*60ML,10 ML,Micro Labs Limited,,,,,,
527,MICRO,NOVA,1845,HICET-DC,1*10TAB,10 ML,Micro Labs Limited,,,,,,
528,MICRO,NOVA,1603,HICET-L,1*10TAB,10 ML,Micro Labs Limited,,,,,,
529,MICRO,NOVA,6988,HICET-L SYP,1*60ML,10 ML,Micro Labs Limited,,,,,,
530,MICRO,CARCYON,MIHIP1,HIPRIL-10,1*10TAB,GENERAL,Micro Labs Limited,,,,,,
531,MICRO,CARCYON,MIHIP2,HIPRIL-2.5,1*10TAB,GENERAL,Micro Labs Limited,,,,,,
532,MICRO,CARCYON,MIHIP3,HIPRIL-5,1*10TAB,GENERAL,Micro Labs Limited,,,,,,
533,MICRO,CARCYON,MIHIP4,HIPRIL-A,1*10TAB,GENERAL,Micro Labs Limited,,,,,,
534,MICRO,CARDICARE,MIHOP2,HOPACE-1.25,1*10TAB,GENERAL,Micro Labs Limited,,,,,,
535,MICRO,CARDICARE,MIHOP4,HOPACE-10,1*10CAP,GENERAL,Micro Labs Limited,,,,,,
536,MICRO,CARDICARE,MIHOP1,HOPACE-2.5,1*10TAB,GENERAL,Micro Labs Limited,,,,,,
537,MICRO,CARDICARE,MIHOP3,HOPACE-5,1*10TAB,GENERAL,Micro Labs Limited,,,,,,
538,MICRO,CARDICARE,1058,HOPACE-AM-5,1*10TAB,10 ML,Micro Labs Limited,,,,,,
539,MICRO,CARDICARE,303,HOPACE-H,1*10TAB,10'S,Micro Labs Limited,,,,,,
540,MICRO,CARDICARE,6496,HOPACE-H-10MG,1*10,10 ML,Micro Labs Limited,,,,,,
541,MICRO,CARDICARE,6493,HOPACE-H-2.5MG,1*10TAB,10 ML,Micro Labs Limited,,,,,,
542,MICRO,CARDICARE,1020,HOPACE-H-5MG,1*10,10 ML,Micro Labs Limited,,,,,,
543,MICRO,CARDICARE,7766,HOPACE-MT-25,1*10,10 ML,Micro Labs Limited,,,,,,
544,MICRO,CARDICARE,5250,HOPACE-MT-50MG,1*7TAB,10 ML,Micro Labs Limited,,,,,,
545,MICRO,CARCYON,7958,HOPSTIN,1*1,10 ML,Micro Labs Limited,,,,,,
546,MICRO,CARDICARE,1258,HORAC TAB,1*10TAB,10 ML,Micro Labs Limited,,,,,,
547,MICRO,CARDICARE,2065,HYDRIDE-12.5MG,1*10TAB,10 ML,Micro Labs Limited,,,,,,
548,MICRO,CARDICARE,1512,HYDRIDE-25MG,1*10TAB,10 ML,Micro Labs Limited,,,,,,
549,MICRO,Dtf,4598,HYPOTAB TABLETS,1*4TAB,10 ML,Micro Labs Limited,,,,,,
550,MICRO,CARCYON,8732,ICUFOS INJ,1*1,10 ML,Micro Labs Limited,,,,,,
551,MICRO,NOVA,8604,I-PHYTORAL-100MG,1*10TAB,10 ML,Micro Labs Limited,,,,,,
552,MICRO,NOVA,MI29,I-PHYTORAL-200MG,1*10TAB,10 ML,Micro Labs Limited,,,,,,
553,MICRO,NOVA,MI123,I-PHYTORAL-SB 130 TAB,1*10TAB,10 ML,Micro Labs Limited,,,,,,
554,MICRO,GTF-3,1599,IREX SYP,1*200ML,10 ML,Micro Labs Limited,,,,,,
555,MICRO,GTF-3,1597,IREX TAB,1*10TAB,10 ML,Micro Labs Limited,,,,,,
556,MICRO,SYNAPES,MIIRE1,IREX-TR,1*10CAP,GENERAL,Micro Labs Limited,,,,,,
557,MICRO,Derma (MICRO),2308,ISOTANE-10,1*10TAB,10 ML,Micro Labs Limited,,,,,,
558,MICRO,Derma (MICRO),2309,ISOTANE-20,1*10TAB,10 ML,Micro Labs Limited,,,,,,
559,MICRO,NA,2477,KETOX E/DROPS,1*10ML,10 ML,Micro Labs Limited,,,,,,
560,MICRO,Derma (MICRO),1570,KOJIVIT CREAM,1*15GM,10 ML,Micro Labs Limited,,,,,,
561,MICRO,Derma (MICRO),5253,KOJIVIT PLUS,1*15GM,10 ML,Micro Labs Limited,,,,,,
562,MICRO,Derma (MICRO),7723,KOJIVIT ULTRA,1*30GM,10 ML,Micro Labs Limited,,,,,,
563,MICRO,VISION-2,MVLAC1,LACRISOL E/DROPS,1*5ML,GENERAL,Micro Labs Limited,,,,,,
564,MICRO,BROWN & BURK,B&LAN1,LANCID-30,1*10CAP,GENERAL,Micro Labs Limited,,,,,,
565,MICRO,EROSE,4045,LANTHONATE-500MG,1*10TAB,10 ML,Micro Labs Limited,,,,,,
566,MICRO,VISION-2,2227,LAPROST E/DROP,1*10ML,10 ML,Micro Labs Limited,,,,,,
567,MICRO,VISION-2,2228,LAPROST PLUS,1*3ML,10 ML,Micro Labs Limited,,,,,,
568,MICRO,SYNAPES,7956,LEVACETAM INJ,1*5ML,10 ML,Micro Labs Limited,,,,,,
569,MICRO,NA,7812,LEVACETAM-1000,1*10TAB,10 ML,Micro Labs Limited,,,,,,
570,MICRO,SYNAPES,3769,LEVACETAM-250MG,1*10TAB,10 ML,Micro Labs Limited,,,,,,
571,MICRO,SYNAPES,3770,LEVACETAM-500MG,1*10TAB,10 ML,Micro Labs Limited,,,,,,
572,MICRO,SYNAPES,3771,LEVACETAM-750MG,1*10TAB,10 ML,Micro Labs Limited,,,,,,
573,MICRO,BROWN & BURK,4744,LEVALON- 300MG,1*10TAB,10 ML,Micro Labs Limited,,,,,,
574,MICRO,BROWN & BURK,5014,LEVALON-300MG,1*10TAB,10 ML,Micro Labs Limited,,,,,,
575,MICRO,VISION-2,824,LEVOBACT 0.5% E/DROP,1*5ML,10 ML,Micro Labs Limited,,,,,,
576,MICRO,GTF-3,1522,LEVOBACT-250MG,1*5TAB,10 ML,Micro Labs Limited,,,,,,
577,MICRO,GTF-3,155,LEVOBACT-500,1*5TAB,10'S,Micro Labs Limited,,,,,,
578,MICRO,GTF-3,528,LEVOBACT-750MG,1*10TAB,10'S,Micro Labs Limited,,,,,,
579,MICRO,GTF-3,1523,LEVOBACT-I.V,1*100ML,10 ML,Micro Labs Limited,,,,,,
580,MICRO,SYNAPES,3754,LEVOCETAM-250,1*10TAB,10 ML,Micro Labs Limited,,,,,,
581,MICRO,SYNAPES,3755,LEVOCETAM-500MG,1*10TAB,10 ML,Micro Labs Limited,,,,,,
582,MICRO,SYNAPES,3756,LEVOCETAM-750MG,1*10TAB,10 ML,Micro Labs Limited,,,,,,
583,MICRO,VISION-2,2420,LG HYAL 2000 INJ,1*1INJ,10 ML,Micro Labs Limited,,,,,,
584,MICRO,SYNAPES,MI16,LICOTAR-100MG,1*10,10 ML,Micro Labs Limited,,,,,,
585,MICRO,SYNAPES,MI17,LICOTAR-50MG,1*10,10 ML,Micro Labs Limited,,,,,,
586,MICRO,SYNAPES,799,LIMBIVAL,1*10TAB,10'S,Micro Labs Limited,,,,,,
587,MICRO,SYNAPES,800,LIMBIVAL FORTE,1*10TAB,10'S,Micro Labs Limited,,,,,,
588,MICRO,Dtf,MI141,LINAPRIDE-5 TAB,10,10 ML,Micro Labs Limited,,,,,,
589,MICRO,Dtf,MI136,LINAPRIDE-D TAB,10,10 ML,Micro Labs Limited,,,,,,
590,MICRO,Dtf,MI157,LINAPRIDE-DM 1000 TAB,10,10 ML,Micro Labs Limited,,,,,,
591,MICRO,Dtf,MI153,LINAPRIDE-DM 500 TAB,10,10 ML,Micro Labs Limited,,,,,,
592,MICRO,Dtf,MI169,LINAPRIDE-E-5/10,1*10,10 ML,Micro Labs Limited,,,,,,
593,MICRO,Dtf,MI170,LINAPRIDE-E-5/25,1*10TAB,10 ML,Micro Labs Limited,,,,,,
594,MICRO,Dtf,MI111,LINAPRIDE-M 1000 TAB,10,10 ML,Micro Labs Limited,,,,,,
595,MICRO,Dtf,MI143,LINAPRIDE-M 500 TAB,10,10 ML,Micro Labs Limited,,,,,,
596,MICRO,EROSE,3964,LINOSEPT I.V.,1*1,10 ML,Micro Labs Limited,,,,,,
597,MICRO,GTF-2,3963,LINOSEPT-600MG TAB,1*1,10 ML,Micro Labs Limited,,,,,,
598,MICRO,VISION,MVLOP1,LOPRES 0.5%,1*5ML,GENERAL,Micro Labs Limited,,,,,,
599,MICRO,VISION,7482,LORINOL E/DROPS,1*10,10 ML,Micro Labs Limited,,,,,,
600,MICRO,Derma (MICRO),1207,LORINOL-10MG,1*10TAB,10 ML,Micro Labs Limited,,,,,,
601,MICRO,HEALTHCARE,2864,LORNICA-4MG,1*10TAB,10 ML,Micro Labs Limited,,,,,,
602,MICRO,HEALTHCARE,2863,LORNICA-8MG,1*10TAB,10 ML,Micro Labs Limited,,,,,,
603,MICRO,BROWN & BURK,B&LOX1,LOXONE-T,1*10TAB,GENERAL,Micro Labs Limited,,,,,,
604,MICRO,Derma (MICRO),8213,L-TRIX CREAM,1*20GM,10 ML,Micro Labs Limited,,,,,,
605,MICRO,Derma (MICRO),9855,L-TRIX LOTION,1*1,10 ML,Micro Labs Limited,,,,,,
606,MICRO,VISION,502,LUBREX E/DROP,1*5ML,10'S,Micro Labs Limited,,,,,,
607,MICRO,VISION,1767,LUBREX-DS E/DROPS,1*10ML,10 ML,Micro Labs Limited,,,,,,
608,MICRO,VISION,MI76,LUBREX-PM E/OINT,1*1,10 ML,Micro Labs Limited,,,,,,
609,MICRO,VISION,7030,LUBREX-UNO E/DROPS,1*1,10 ML,Micro Labs Limited,,,,,,
610,MICRO,NA,492,LUTIVIT,1*10CAP,10'S,Micro Labs Limited,,,,,,
611,MICRO,VISION-2,2955,LUTIVIT-NF,1*10CAP,10 ML,Micro Labs Limited,,,,,,
612,MICRO,HEALTHCARE,3841,MAXPRIDE-100MG,1*10TAB,10 ML,Micro Labs Limited,,,,,,
613,MICRO,SYNAPES,3753,MAXPRIDE-200MG,1*10TAB,10 ML,Micro Labs Limited,,,,,,
614,MICRO,HEALTHCARE,MIM,MECONERV,1*10,GENERAL,Micro Labs Limited,,,,,,
615,MICRO,HEALTHCARE,635,MECONERV FORTE,1*10CAP,10'S,Micro Labs Limited,,,,,,
616,MICRO,HEALTHCARE,7919,MECONERV FORTE INJ,1*2ML,10 ML,Micro Labs Limited,,,,,,
617,MICRO,HEALTHCARE,156,MECONERV INJ,1*1ML,10'S,Micro Labs Limited,,,,,,
618,MICRO,Dtf,206,MECONERV PLUS,1*10TAB,10'S,Micro Labs Limited,,,,,,
619,MICRO,HEALTHCARE,1196,MECONERV SYP,1*200ML,10 ML,Micro Labs Limited,,,,,,
620,MICRO,HEALTHCARE,335,MECONERV-1500MG,1*10TAB,10'S,Micro Labs Limited,,,,,,
621,MICRO,HEALTHCARE,MI142,MECONERV-NP TAB,10,10 ML,Micro Labs Limited,,,,,,
622,MICRO,CARDICARE,MI171,MECONERV-PFS INJ,1*1,10 ML,Micro Labs Limited,,,,,,
623,MICRO,NA,MI140,MECONERV-PLUS OD CAP,10,10 ML,Micro Labs Limited,,,,,,
624,MICRO,HEALTHCARE,9665,MECONERV-P-SR,1*10,10 ML,Micro Labs Limited,,,,,,
625,MICRO,HEALTHCARE,3734,MECONERV-Z SYP,1*200ML,10 ML,Micro Labs Limited,,,,,,
626,MICRO,HEALTHCARE,MI110,MECONERV-Z TAB,1*200ML,10 ML,Micro Labs Limited,,,,,,
627,MICRO,Dtf,591,MELCOVIT,1*10CAP,10'S,Micro Labs Limited,,,,,,
628,MICRO,Dtf,593,MELMET-1000SR,1*10TAB,10'S,Micro Labs Limited,,,,,,
629,MICRO,Dtf,1265,MELMET-500MG,1*10TAB,10 ML,Micro Labs Limited,,,,,,
630,MICRO,Dtf,592,MELMET-500SR,1*10TAB,10'S,Micro Labs Limited,,,,,,
631,MICRO,Dtf,787,MELMET-850MG,1*10TAB,10'S,Micro Labs Limited,,,,,,
632,MICRO,NA,6457,MEROJECT-1GM,1*1,10 ML,Micro Labs Limited,,,,,,
633,MICRO,CARCYON,1240,METADOXIL,1*6CAP,10 ML,Micro Labs Limited,,,,,,
634,MICRO,NA,2029,METADURE-2.5,1*10TAB,10 ML,Micro Labs Limited,,,,,,
635,MICRO,NA,2028,METADURE-5,1*10TAB,10 ML,Micro Labs Limited,,,,,,
636,MICRO,CARDICARE,1497,METAPRO-25MG,1*10TAB,10 ML,Micro Labs Limited,,,,,,
637,MICRO,CARDICARE,MI74,METAPRO-3D-25,1*10,10 ML,Micro Labs Limited,,,,,,
638,MICRO,CARDICARE,MI75,METAPRO-3D-50,1*10,10 ML,Micro Labs Limited,,,,,,
639,MICRO,CARDICARE,1498,METAPRO-50MG,1*10TAB,10 ML,Micro Labs Limited,,,,,,
640,MICRO,CARDICARE,2137,METAPRO-CL-50,1*10TAB,10 ML,Micro Labs Limited,,,,,,
641,MICRO,CARDICARE,2138,METAPRO-XL-25,1*10TAB,10 ML,Micro Labs Limited,,,,,,
642,MICRO,CARDICARE,2139,METAPRO-XL-50,1*10TAB,10 ML,Micro Labs Limited,,,,,,
643,MICRO,NA,MIMIC8,MICRDOX-AX,1*10TAB,GENERAL,Micro Labs Limited,,,,,,
644,MICRO,Gtf,4780,MICROBACT-250MG,1*6TAB,10 ML,Micro Labs Limited,,,,,,
645,MICRO,Gtf,4781,MICROBACT-500MG,1*3 TAB,10 ML,Micro Labs Limited,,,,,,
646,MICRO,Gtf,MI64,MICROBACT-XL-100MG SYP,1*1,10 ML,Micro Labs Limited,,,,,,
647,MICRO,Gtf,MI66,MICROBACT-XL-200MG SYP,1*30ML,10 ML,Micro Labs Limited,,,,,,
648,MICRO,NA,MI168,MICROBION CAP,10,10 ML,Micro Labs Limited,,,,,,
649,MICRO,NOVA,1611,MICROCAL-500MG,1*15TAB,10 ML,Micro Labs Limited,,,,,,
650,MICRO,NOVA,1612,MICROCAL-M,1*15TAB,10 ML,Micro Labs Limited,,,,,,
651,MICRO,NOVA,1808,MICROCEF-100 SYP,1*30ML,10'S,Micro Labs Limited,,,,,,
652,MICRO,NOVA,157,MICROCEF-50 SYP,1*30ML,30ML,Micro Labs Limited,,,,,,
653,MICRO,NOVA,1208,MICROCEF-50DT,1*10TAB,10 ML,Micro Labs Limited,,,,,,
654,MICRO,NOVA,2620,MICROCEF-CV DRY SYP,1*10TAB,10 ML,Micro Labs Limited,,,,,,
655,MICRO,NOVA,2627,MICROCEF-CV-100MG,1*10TAB,10 ML,Micro Labs Limited,,,,,,
656,MICRO,NOVA,2628,MICROCEF-CV-200MG,1*10TAB,10 ML,Micro Labs Limited,,,,,,
657,MICRO,NOVA,1152,MICROCEFF-100MG,1*10TAB,10 ML,Micro Labs Limited,,,,,,
658,MICRO,NOVA,1153,MICROCEFF-200MG,1*10TAB,10 ML,Micro Labs Limited,,,,,,
659,MICRO,NOVA,5374,MICROCEF-O,1*10TAB,10 ML,Micro Labs Limited,,,,,,
660,MICRO,Gtf,1719,MICROCID CAP,1*10CAP,10 ML,Micro Labs Limited,,,,,,
661,MICRO,HEALTHCARE,MIMIC1,MICROCID-SR,1*10CAP,GENERAL,Micro Labs Limited,,,,,,
662,MICRO,NA,4925,MICROCORT-24,1*1,10 ML,Micro Labs Limited,,,,,,
663,MICRO,NA,4704,MICROCORT-30MG,1*10TAB,10 ML,Micro Labs Limited,,,,,,
664,MICRO,EROSE,4051,MICROCORT-6,1*10TAB,10 ML,Micro Labs Limited,,,,,,
665,MICRO,HEALTHCARE,5254,MICRO-D3 DROPS,1*15ML,10 ML,Micro Labs Limited,,,,,,
666,MICRO,HEALTHCARE,5299,MICRO-D3 TAB,1*10TAB,10 ML,Micro Labs Limited,,,,,,
667,MICRO,Gtf,5412,MICRODERM,1*15GM,10 ML,Micro Labs Limited,,,,,,
668,MICRO,NOVA,2085,MICRODOL FORTE,1*10TAB,10 ML,Micro Labs Limited,,,,,,
669,MICRO,NA,MIMIC2,MICRODOX,1*10TAB,GENERAL,Micro Labs Limited,,,,,,
670,MICRO,NA,MIMIC10,MICRODOX-AX,1*10,GENERAL,Micro Labs Limited,,,,,,
671,MICRO,NA,MIMIC7,MICRODOX-DR,1*10CAP,GENERAL,Micro Labs Limited,,,,,,
672,MICRO,Gtf,MIMIC3,MICRODOX-DT,1*10TAB,GENERAL,Micro Labs Limited,,,,,,
673,MICRO,GTF-3,4046,MICRODOX-LBX,1*10CAP,10 ML,Micro Labs Limited,,,,,,
674,MICRO,HEALTHCARE,1863,MICROFER,1*10,10 ML,Micro Labs Limited,,,,,,
675,MICRO,HEALTHCARE,1997,MICROFER INJ,1*1INJ,10 ML,Micro Labs Limited,,,,,,
676,MICRO,VISION-2,MVMIC2,MICROFLOX E/DROPS,1*5ML,GENERAL,Micro Labs Limited,,,,,,
677,MICRO,Gtf,MIMIC4,MICROFLOX-250,1*10TAB,GENERAL,Micro Labs Limited,,,,,,
678,MICRO,Gtf,MIMIC5,MICROFLOX-500,1*10TAB,GENERAL,Micro Labs Limited,,,,,,
679,MICRO,Gtf,MIMIC6,MICROFLOX-CT,1*10TAB,GENERAL,Micro Labs Limited,,,,,,
680,MICRO,VISION-2,MVMIC1,MICROFLOX-DX SOL E/D,1*5ML,GENERAL,Micro Labs Limited,,,,,,
681,MICRO,VISION-2,496,MICROGAT E/DROPS,1*5ML,10'S,Micro Labs Limited,,,,,,
682,MICRO,VISION-2,2031,MICROGAT OINT,1*5GM,10 ML,Micro Labs Limited,,,,,,
683,MICRO,NA,2131,MICROGAT-400MG,1*10TAB,10 ML,Micro Labs Limited,,,,,,
684,MICRO,VISION-2,509,MICROGAT-DX,1*5ML,10'S,Micro Labs Limited,,,,,,
685,MICRO,HEALTHCARE,4270,MICROJET-1GM,1*1INJ,10 ML,Micro Labs Limited,,,,,,
686,MICRO,SYNAPES,5762,MICROLIV,1*10TAB,10 ML,Micro Labs Limited,,,,,,
687,MICRO,SYNAPES,7101,MICROLIV FORTE,1*10,10 ML,Micro Labs Limited,,,,,,
688,MICRO,NA,4913,MICROMAX INJ,1*1INJ,10 ML,Micro Labs Limited,,,,,,
689,MICRO,HEALTHCARE,9135,MICROMOM CHOCKLET POWDER,1*200GM,10 ML,Micro Labs Limited,,,,,,
690,MICRO,HEALTHCARE,7125,MICROMOM VANILA POWDER,1*1,10 ML,Micro Labs Limited,,,,,,
691,MICRO,HEALTHCARE,1838,MICRONAC,1*10TAB,10 ML,Micro Labs Limited,,,,,,
692,MICRO,VISION-2,3733,MICRONAC E/DROPS,1*5ML,10 ML,Micro Labs Limited,,,,,,
693,MICRO,HEALTHCARE,1654,MICRONAC-MR,1*10TAB,10 ML,Micro Labs Limited,,,,,,
694,MICRO,VISION,9850,MICRONAC-PF E/DROPS,1*5ML,10 ML,Micro Labs Limited,,,,,,
695,MICRO,HEALTHCARE,1653,MICRONAC-PLUS,1*10TAB,10 ML,Micro Labs Limited,,,,,,
696,MICRO,HEALTHCARE,1706,MICRONAC-SR,1*10TAB,10 ML,Micro Labs Limited,,,,,,
697,MICRO,HEALTHCARE,8283,MICRONAC-TC-4MG,1*10TAB,10 ML,Micro Labs Limited,,,,,,
698,MICRO,HEALTHCARE,8284,MICRONAC-TC-8MG,1*10TAB,10 ML,Micro Labs Limited,,,,,,
699,MICRO,HEALTHCARE,4249,MICROPANAM 1GM INJ,1*1GM,10 ML,Micro Labs Limited,,,,,,
700,MICRO,HEALTHCARE,4280,MICROPENAM-1GM,1*1,10 ML,Micro Labs Limited,,,,,,
701,MICRO,BROWN & BURK,2524,MICROPHYLLINE TAB,1*10TAB,10 ML,Micro Labs Limited,,,,,,
702,MICRO,NOVA,2321,MICROPIME-1GM,1*1GM,10 ML,Micro Labs Limited,,,,,,
703,MICRO,NOVA,2218,MICROPIME-250MG,1*250MG,10 ML,Micro Labs Limited,,,,,,
704,MICRO,NOVA,1991,MICROPIME-500MG,1*1INJ,10 ML,Micro Labs Limited,,,,,,
705,MICRO,NOVA,4560,MICROPIME-T INJ,1*1INJ,10 ML,Micro Labs Limited,,,,,,
706,MICRO,Gtf,3910,MICROPRIDE-25MG,1*10TAB,10 ML,Micro Labs Limited,,,,,,
707,MICRO,VISION-2,491,MICROSOL E/DROP,1*5ml,10'S,Micro Labs Limited,,,,,,
708,MICRO,HEALTHCARE,1004,MICROTAZ 2.25 INJ,1*4.5GM,10 ML,Micro Labs Limited,,,,,,
709,MICRO,HEALTHCARE,2225,MICROTAZ 4.5G INJ,1*1INJ,10 ML,Micro Labs Limited,,,,,,
710,MICRO,SYNAPES,3077,MICROTOL INJ,1*100ML,10 ML,Micro Labs Limited,,,,,,
711,MICRO,Derma (MICRO),1584,MICROVIR-250MG,1*3TAB,10 ML,Micro Labs Limited,,,,,,
712,MICRO,Derma (MICRO),2306,MICROVIR-500MG,1*3,10 ML,Micro Labs Limited,,,,,,
713,MICRO,NA,2759,MICRTAZ INJ 2.25GM,1*1INJ,10 ML,Micro Labs Limited,,,,,,
714,MICRO,NA,1925,MINIMET-1000SR,1*10TAB,10 ML,Micro Labs Limited,,,,,,
715,MICRO,Dtf,1669,MINIMET-500,1*10TAB,10 ML,Micro Labs Limited,,,,,,
716,MICRO,Dtf,727,MINIMET-500 SR,1*10TAB,10'S,Micro Labs Limited,,,,,,
717,MICRO,Derma (MICRO),1586,MINOLOX-100MG,1*10TAB,10 ML,Micro Labs Limited,,,,,,
718,MICRO,Derma (MICRO),1585,MINOLOX-50MG,1*10TAB,10 ML,Micro Labs Limited,,,,,,
719,MICRO,NA,2290,MIRAZEP-15MG,1*10TAB,10 ML,Micro Labs Limited,,,,,,
720,MICRO,NA,2666,MIRAZEP-30,1*10TA,10 ML,Micro Labs Limited,,,,,,
721,MICRO,Derma (MICRO),1813,MISALIC,1*10GM,10 ML,Micro Labs Limited,,,,,,
722,MICRO,VISION,532,MISOPT E/DROP,1*5ML,10'S,Micro Labs Limited,,,,,,
723,MICRO,VISION,4564,MOISTANE EYE DROPS,1*10ML,10 ML,Micro Labs Limited,,,,,,
724,MICRO,Derma (MICRO),4650,MONOGUARD CREAM 10GM,1*10GM,10 ML,Micro Labs Limited,,,,,,
725,MICRO,Derma (MICRO),MI27,MONOGUARD CREAM 30GM,1*30GM,10 ML,Micro Labs Limited,,,,,,
726,MICRO,Derma (MICRO),8648,MONOGUARD SHAMPOO,1*60ML,10 ML,Micro Labs Limited,,,,,,
727,MICRO,VISION,2272,MONOSOPT E/DROPS,1*5ML,10 ML,Micro Labs Limited,,,,,,
728,MICRO,CARCYON,4058,MONTEEZ-10,1*10TAB,10 ML,Micro Labs Limited,,,,,,
729,MICRO,EROSE,3957,MONTRAL KID,1*10TAB,10 ML,Micro Labs Limited,,,,,,
730,MICRO,EROSE,4269,MONTRAL SYP,1*60ML,10 ML,Micro Labs Limited,,,,,,
731,MICRO,EROSE,3956,MONTRAL TAB,1*10TAB,10 ML,Micro Labs Limited,,,,,,
732,MICRO,EROSE,MI61,MONTRAL-AB,1*10TAB,10 ML,Micro Labs Limited,,,,,,
733,MICRO,VISION,1731,MOXIGRAM E/DROPS,1*10ML,10 ML,Micro Labs Limited,,,,,,
734,MICRO,VISION,4250,MOXIGRAM E/OINT,1*1OINT,10 ML,Micro Labs Limited,,,,,,
735,MICRO,BROWN & BURK,3903,MOXIGRAM TAB,1*10TAB,10 ML,Micro Labs Limited,,,,,,
736,MICRO,VISION,1912,MOXIGRAM-D E/DROPS,1*5ML,10 ML,Micro Labs Limited,,,,,,
737,MICRO,VISION,MI69,MOXIGRAM-DM EYE DROPS,1*10ML,10 ML,Micro Labs Limited,,,,,,
738,MICRO,BROWN & BURK,4586,MOXIGRAM-I.V,1*1,10 ML,Micro Labs Limited,,,,,,
739,MICRO,VISION,3194,MOXIGRAM-KT,1*5ML,10 ML,Micro Labs Limited,,,,,,
740,MICRO,VISION,4225,MOXIGRAM-LX E/DROPS,1*10,10 ML,Micro Labs Limited,,,,,,
741,MICRO,VISION,2680,MOXIGRAM-P,1*5ML,10 ML,Micro Labs Limited,,,,,,
742,MICRO,CARCYON,4185,MOXILONG-2,1*10TAB,10 ML,Micro Labs Limited,,,,,,
743,MICRO,CARCYON,4222,MOXILONG-3,1*10TAB,10 ML,Micro Labs Limited,,,,,,
744,MICRO,Derma (MICRO),2144,MUPIRAX CREAM,1*5GM,10 ML,Micro Labs Limited,,,,,,
745,MICRO,HEALTHCARE,3839,MYCOPHEN-500MG,1*10TAB,10 ML,Micro Labs Limited,,,,,,
746,MICRO,NA,MINAB1,NABUFLAM,1*6TAB,GENERAL,Micro Labs Limited,,,,,,
747,MICRO,CARCYON,724,NEBILONG,1*10TAB,10'S,Micro Labs Limited,,,,,,
748,MICRO,CARCYON,3917,NEBILONG-2.5MG,1*10TAB,10 ML,Micro Labs Limited,,,,,,
749,MICRO,CARCYON,1081,NEBILONG-AM,1*10TAB,10 ML,Micro Labs Limited,,,,,,
750,MICRO,CARCYON,725,NEBILONG-H,1*10TAB,10'S,Micro Labs Limited,,,,,,
751,MICRO,NA,MI166,NEBILONG-TL TAB,10,10 ML,Micro Labs Limited,,,,,,
752,MICRO,SYNAPES,MI5,NEURICA,1*10 TAB,10 ML,Micro Labs Limited,,,,,,
753,MICRO,SYNAPES,MI122,NEURICA-B TAB,1*10TAB,10 ML,Micro Labs Limited,,,,,,
754,MICRO,SYNAPES,8197,NEURICA-BT,1*10TAB,10 ML,Micro Labs Limited,,,,,,
755,MICRO,SYNAPES,1563,NEURICA-M 75,1*10CAP,10 ML,Micro Labs Limited,,,,,,
756,MICRO,SYNAPES,1513,NEURICA-M-150MG,1*10TAB,10 ML,Micro Labs Limited,,,,,,
757,MICRO,SYNAPES,7156,NEURICA-NT,1*10,10 ML,Micro Labs Limited,,,,,,
758,MICRO,BROWN & BURK,2197,NEUROCETAM CAP,1*10CAP,10 ML,Micro Labs Limited,,,,,,
759,MICRO,BROWN & BURK,2198,NEUROCETAM I.V.,1*60ML,10 ML,Micro Labs Limited,,,,,,
760,MICRO,BROWN & BURK,472,NEUROCETAM INJ,1*15ML,10'S,Micro Labs Limited,,,,,,
761,MICRO,SYNAPES,5130,NEUROCETAM PLUS,1*10,10 ML,Micro Labs Limited,,,,,,
762,MICRO,BROWN & BURK,2205,NEUROCETAM SYP,1*100ML,10 ML,Micro Labs Limited,,,,,,
763,MICRO,BROWN & BURK,1070,NEUROCETAM-1200,1*10TAB,10 ML,Micro Labs Limited,,,,,,
764,MICRO,BROWN & BURK,473,NEUROCETAM-400 MG,1*10TAB,10'S,Micro Labs Limited,,,,,,
765,MICRO,BROWN & BURK,B&NEU1,NEUROCETAM-800,1*10TAB,GENERAL,Micro Labs Limited,,,,,,
766,MICRO,SYNAPES,1261,NEUROVIN,1*10TAB,10 ML,Micro Labs Limited,,,,,,
767,MICRO,CARCYON,5520,NEUROVIN-10MG,1*10TAB,10 ML,Micro Labs Limited,,,,,,
768,MICRO,VISION,8354,NEXTANE E/DROPS,1*10ML,10 ML,Micro Labs Limited,,,,,,
769,MICRO,NA,5292,NICERBIUM,,10 ML,Micro Labs Limited,,,,,,
770,MICRO,NA,5291,NICOVAS TAB,1*10,10 ML,Micro Labs Limited,,,,,,
771,MICRO,HEALTHCARE,3076,NICROTOL INJ,1*100ML,10 ML,Micro Labs Limited,,,,,,
772,MICRO,Derma (MICRO),2904,NILAC GEL,1*20GM,10 ML,Micro Labs Limited,,,,,,
773,MICRO,Derma (MICRO),4651,NILAC-A,1-20GM,10 ML,Micro Labs Limited,,,,,,
774,MICRO,SYNAPES,1837,NIMOCER,1*10TAB,10 ML,Micro Labs Limited,,,,,,
775,MICRO,EROSE,3947,NITRA GEL 100GM,1*100GM,10 ML,Micro Labs Limited,,,,,,
776,MICRO,EROSE,3946,NITRA GEL 50GM,1*50GM,10 ML,Micro Labs Limited,,,,,,
777,MICRO,EROSE,3948,NITRA HEX,1*100ML,10 ML,Micro Labs Limited,,,,,,
778,MICRO,EROSE,3950,NITRADENT 20GM,1*20GM,10 ML,Micro Labs Limited,,,,,,
779,MICRO,EROSE,3951,NITRAMET-10GM OINT,1*10GM,10 ML,Micro Labs Limited,,,,,,
780,MICRO,EROSE,3952,NITRAMET-20GM OINT,1*20GM,10 ML,Micro Labs Limited,,,,,,
781,MICRO,EROSE,3949,NITRA-OR,1*100ML,10 ML,Micro Labs Limited,,,,,,
782,MICRO,SYNAPES,MINIT2,NITROFIX-10,1*10TAB,GENERAL,Micro Labs Limited,,,,,,
783,MICRO,SYNAPES,MINIT1,NITROFIX-20MG,1*10TAB,GENERAL,Micro Labs Limited,,,,,,
784,MICRO,SYNAPES,MINIT3,NITROFIX-30 SR,1*10TAB,GENERAL,Micro Labs Limited,,,,,,
785,MICRO,SYNAPES,MINIT4,NITROFIX-60 SR,1*10TAB,GENERAL,Micro Labs Limited,,,,,,
786,MICRO,SYNAPES,MINIT,NITROFIX-AS,1*10,GENERAL,Micro Labs Limited,,,,,,
787,MICRO,GTF-2,2219,NORDYS,1*10TAB,10 ML,Micro Labs Limited,,,,,,
788,MICRO,GTF-2,7500,NORDYS-200MG,1*10TAB,10 ML,Micro Labs Limited,,,,,,
789,MICRO,GTF-2,7505,NORDYS-400MG,1*10,10 ML,Micro Labs Limited,,,,,,
790,MICRO,GTF-2,MI21,NORDYS-550MG,1*10,10 ML,Micro Labs Limited,,,,,,
791,MICRO,NOVA,1501,NORGEST,1*10TAB,10 ML,Micro Labs Limited,,,,,,
792,MICRO,NOVA,1810,NOSTIPAN SYP,1*100ML,10'S,Micro Labs Limited,,,,,,
793,MICRO,BROWN & BURK,B&NOV1,NOVALID,1*10TAB,GENERAL,Micro Labs Limited,,,,,,
794,MICRO,BROWN & BURK,3817,NOVOLID,1*10,10 ML,Micro Labs Limited,,,,,,
795,MICRO,BROWN & BURK,2539,NOVOLID PLUS,1*10TAB,10 ML,Micro Labs Limited,,,,,,
796,MICRO,BROWN & BURK,2710,NOVOLID-MR,1*10,10 ML,Micro Labs Limited,,,,,,
797,MICRO,BROWN & BURK,3190,NOVOLID-S TAB,1*10TAB,10 ML,Micro Labs Limited,,,,,,
798,MICRO,NA,2132,NOZOA,1*10TAB,10 ML,Micro Labs Limited,,,,,,
799,MICRO,NA,1926,NUGREL,1*10,10 ML,Micro Labs Limited,,,,,,
800,MICRO,NA,2086,NUGREL PLUS,1*10TAB,10 ML,Micro Labs Limited,,,,,,
801,MICRO,CARCYON,5185,NULONG-10MG,1*10TAB,10 ML,Micro Labs Limited,,,,,,
802,MICRO,CARCYON,6499,NULONG-20MG,1*10TAB,10 ML,Micro Labs Limited,,,,,,
803,MICRO,CARCYON,5186,NULONG-5 MG,1*10TAB,10 ML,Micro Labs Limited,,,,,,
804,MICRO,CARDICARE,MI32,NULONG-MT-25MG,1*10,10 ML,Micro Labs Limited,,,,,,
805,MICRO,CARDICARE,MI33,NULONG-MT-50MG,1*10,10 ML,Micro Labs Limited,,,,,,
806,MICRO,CARCYON,6851,NULONG-OL-20MG,1*10TAB,10 ML,Micro Labs Limited,,,,,,
807,MICRO,CARCYON,6852,NULONG-OL-40MG,1*10,10 ML,Micro Labs Limited,,,,,,
808,MICRO,CARCYON,MI103,NULONG-T TAB,1*10TAB,10 ML,Micro Labs Limited,,,,,,
809,MICRO,CARCYON,7825,NULONG-TRIO,1*10TAB,10 ML,Micro Labs Limited,,,,,,
810,MICRO,CARCYON,9868,NULONG-TRIO-40MG,1*10TAB,10 ML,Micro Labs Limited,,,,,,
811,MICRO,VISION-2,4251,NUPROST,1*10ML,10 ML,Micro Labs Limited,,,,,,
812,MICRO,GTF-2,MI25,NURATOR,1*10TAB,10 ML,Micro Labs Limited,,,,,,
813,MICRO,GTF-2,MI23,NURATOR TAB,1*10,10 ML,Micro Labs Limited,,,,,,
814,MICRO,BROWN & BURK,2199,NUROCOL TAB,1*10TAB,10 ML,Micro Labs Limited,,,,,,
815,MICRO,BROWN & BURK,2200,NUROCOL-2ML INJ,1*2ML,10 ML,Micro Labs Limited,,,,,,
816,MICRO,BROWN & BURK,4057,NUROCOL-4ML INJ,1*1INJ,10 ML,Micro Labs Limited,,,,,,
817,MICRO,BROWN & BURK,3729,NUROHIST-16MG,1*10TAB,10 ML,Micro Labs Limited,,,,,,
818,MICRO,BROWN & BURK,3730,NUROHIST-8MG,1*10TAB,10 ML,Micro Labs Limited,,,,,,
819,MICRO,Derma (MICRO),4228,NUSOFT SOAP,1*1SOAP,10 ML,Micro Labs Limited,,,,,,
820,MICRO,CARDICARE,8085,NUTRI CHAMP,1*20,10 ML,Micro Labs Limited,,,,,,
821,MICRO,DERMA NEW (MICRO),6998,NUTRICAP-H,1*15,10 ML,Micro Labs Limited,,,,,,
822,MICRO,DERMA NEW (MICRO),6999,NUTRICAP-S,1*15,10 ML,Micro Labs Limited,,,,,,
823,MICRO,Dtf,MIOBI1,OBIRAX-10,1*10CAP,GENERAL,Micro Labs Limited,,,,,,
824,MICRO,Dtf,1500,OBIRAX-15,1*10CAP,10 ML,Micro Labs Limited,,,,,,
825,MICRO,CARCYON,3803,OBITROL-120MG,1*10TAB,10 ML,Micro Labs Limited,,,,,,
826,MICRO,Dtf,4823,OBITROL-60MG,1*10CAP,10 ML,Micro Labs Limited,,,,,,
827,MICRO,VISION-2,MVOFL1,OFLACIN E/DROPS,1*5ML,GENERAL,Micro Labs Limited,,,,,,
828,MICRO,BROWN & BURK,812,OFLACIN TAB,1*10TAB,10'S,Micro Labs Limited,,,,,,
829,MICRO,BROWN & BURK,2201,OFLACIN-400MG,1*10TAB,10 ML,Micro Labs Limited,,,,,,
830,MICRO,VISION,MVOFL2,OFLACIN-DX E/DROPS,1*5ML,GENERAL,Micro Labs Limited,,,,,,
831,MICRO,NA,1680,OFLACIN-P E/DROPS,1*10ML,10 ML,Micro Labs Limited,,,,,,
832,MICRO,VISION-2,MI24,OKT - 5ML E/DROPS,1*5ML,10 ML,Micro Labs Limited,,,,,,
833,MICRO,Derma (MICRO),1515,OLAMIN CREAM,1*15GM,10 ML,Micro Labs Limited,,,,,,
834,MICRO,Derma (MICRO),1588,OLAMIN SCALP LOTION,1*50ML,10 ML,Micro Labs Limited,,,,,,
835,MICRO,Derma (MICRO),1587,OLAMIN-F,1*15GM,10 ML,Micro Labs Limited,,,,,,
836,MICRO,SYNAPES,515,OLAN-10 MG,1*10TAB,10'S,Micro Labs Limited,,,,,,
837,MICRO,SYNAPES,1733,OLAN-2.5,1*10TAB,10 ML,Micro Labs Limited,,,,,,
838,MICRO,SYNAPES,514,OLAN-5 MG,1*10tab,10'S,Micro Labs Limited,,,,,,
839,MICRO,CARCYON,6853,OLMAT TRIO,1*10TAB,10 ML,Micro Labs Limited,,,,,,
840,MICRO,CARCYON,4576,OLMAT-20 AM,1*10TAB,10 ML,Micro Labs Limited,,,,,,
841,MICRO,CARCYON,4302,OLMAT-20 AMH,1*10TAB,10 ML,Micro Labs Limited,,,,,,
842,MICRO,CARCYON,5293,OLMAT-20-CT,1*10TAB,10 ML,Micro Labs Limited,,,,,,
843,MICRO,CARCYON,1510,OLMAT-20MG,1*10TAB,10 ML,Micro Labs Limited,,,,,,
844,MICRO,CARCYON,1451,OLMAT-40,1*10TAB,10 ML,Micro Labs Limited,,,,,,
845,MICRO,CARCYON,4219,OLMAT-40 AMH,1*10TAB,10 ML,Micro Labs Limited,,,,,,
846,MICRO,CARCYON,5019,OLMAT-40-AM,1*10TAB,10 ML,Micro Labs Limited,,,,,,
847,MICRO,CARCYON,5294,OLMAT-40-CT,1*10TAB,10 ML,Micro Labs Limited,,,,,,
848,MICRO,CARCYON,2066,OLMAT-40-H,1*10TAB,10 ML,Micro Labs Limited,,,,,,
849,MICRO,CARCYON,2917,OLMAT-AM,1*10TAB,10 ML,Micro Labs Limited,,,,,,
850,MICRO,CARCYON,3798,OLMAT-AMH,1*10TAB,10 ML,Micro Labs Limited,,,,,,
851,MICRO,CARCYON,1450,OLMAT-H,1*10TAB,10 ML,Micro Labs Limited,,,,,,
852,MICRO,CARCYON,5387,OLMAT-MT-25,1*10,10 ML,Micro Labs Limited,,,,,,
853,MICRO,CARCYON,5388,OLMAT-MT-50,1*10TAB,10 ML,Micro Labs Limited,,,,,,
854,MICRO,NA,MIOMI1,OMICAP,1*10CAP,GENERAL,Micro Labs Limited,,,,,,
855,MICRO,GTF-3,807,OMIFLUX,1*10CAP,10'S,Micro Labs Limited,,,,,,
856,MICRO,DERMA NEW (MICRO),8759,ONETONE PLUS,1*20GM,10 ML,Micro Labs Limited,,,,,,
857,MICRO,DERMA NEW (MICRO),7000,ONETONE-0.3% CREAM,1*20GM,10 ML,Micro Labs Limited,,,,,,
858,MICRO,VISION-2,490,OPTIMIDE PLUS E/DROP,1*5ML,10'S,Micro Labs Limited,,,,,,
859,MICRO,VISION-2,6629,OPTOCIN E/DROPS,1*5ML,10 ML,Micro Labs Limited,,,,,,
860,MICRO,BROWN & BURK,357,ORNILOX,1*10TAB,10'S,Micro Labs Limited,,,,,,
861,MICRO,HEALTHCARE,3075,OSMITOL,,10 ML,Micro Labs Limited,,,,,,
862,MICRO,HEALTHCARE,4291,OSMITOL FIBER BOTTLE,1*1,10 ML,Micro Labs Limited,,,,,,
863,MICRO,HEALTHCARE,4577,OSMITOL FIBER POUCH,,10 ML,Micro Labs Limited,,,,,,
864,MICRO,NA,1732,OSMOGEL E/DROPS,1*10ML,10 ML,Micro Labs Limited,,,,,,
865,MICRO,NA,2415,OSMOGEL OINT,1*5GM,10 ML,Micro Labs Limited,,,,,,
866,MICRO,NA,5453,OSTOBON TAB,1*10,10 ML,Micro Labs Limited,,,,,,
867,MICRO,HEALTHCARE,2084,OSTOGARD-50MG,1*10CAP,10 ML,Micro Labs Limited,,,,,,
868,MICRO,HEALTHCARE,3840,OSTOGARD-GM TAB,1*10TAB,10 ML,Micro Labs Limited,,,,,,
869,MICRO,BROWN & BURK,360,OSTONEX,1*10TAB,10'S,Micro Labs Limited,,,,,,
870,MICRO,BROWN & BURK,MI62,OSTONEX-D3,1*10TAB,10 ML,Micro Labs Limited,,,,,,
871,MICRO,Derma (MICRO),MVOXI1,OXIDON CAP,1*10CAP,GENERAL,Micro Labs Limited,,,,,,
872,MICRO,Derma (MICRO),3614,OXIDON PLUS CAP,1*10CAP,10 ML,Micro Labs Limited,,,,,,
873,MICRO,HEALTHCARE,4030,OXPRIN-40MG,1*10TAB,10 ML,Micro Labs Limited,,,,,,
874,MICRO,HEALTHCARE,4031,OXPRIN-60MG,1*1,10 ML,Micro Labs Limited,,,,,,
875,MICRO,SYNAPES,934,PANEX,1*10TAB,10 ML,Micro Labs Limited,,,,,,
876,MICRO,SYNAPES,1027,PANEX-10MG,1*10TAB,10 ML,Micro Labs Limited,,,,,,
877,MICRO,SYNAPES,4539,PANEX-CR-12.5,1*10TAB,10 ML,Micro Labs Limited,,,,,,
878,MICRO,SYNAPES,5034,PANEX-CR-25,1*10TAB,10 ML,Micro Labs Limited,,,,,,
879,MICRO,EROSE,3962,PANTOCAR INJ,1*1INJ,10 ML,Micro Labs Limited,,,,,,
880,MICRO,EROSE,3926,PANTOCAR-40MG,1*10TAB,10 ML,Micro Labs Limited,,,,,,
881,MICRO,EROSE,3927,PANTOCAR-D,1*10TAB,10 ML,Micro Labs Limited,,,,,,
882,MICRO,EROSE,4290,PANTOCAR-L,1*10TAB,10 ML,Micro Labs Limited,,,,,,
883,MICRO,EROSE,5263,PANTOCAR-L TAB,1*10TAB,10 ML,Micro Labs Limited,,,,,,
884,MICRO,NOVA,1610,PANTOFLUX CAP,1*10CAP,10 ML,Micro Labs Limited,,,,,,
885,MICRO,NOVA,1606,PANTOFLUX-SR,1*10TAB,10 ML,Micro Labs Limited,,,,,,
886,MICRO,NOVA,1601,PANTOTAB,1*10TAB,10 ML,Micro Labs Limited,,,,,,
887,MICRO,NOVA,1844,PANTOTAB-40 INJ,1*1,10 ML,Micro Labs Limited,,,,,,
888,MICRO,NOVA,4284,PANTOTAB-DSR,1*10TAB,10 ML,Micro Labs Limited,,,,,,
889,MICRO,NOVA,7029,PANTOTAB-L CAP,1*10CAP,10 ML,Micro Labs Limited,,,,,,
890,MICRO,EROSE,3958,PARANIM TAB,1*10TAB,10 ML,Micro Labs Limited,,,,,,
891,MICRO,SYNAPES,1652,PARKIN,1*10TAB,10 ML,Micro Labs Limited,,,,,,
892,MICRO,SYNAPES,2291,PARKIN FORTE,1*10TAB,10 ML,Micro Labs Limited,,,,,,
893,MICRO,SYNAPES,2087,PARKIN PLUS,1*10TAB,10 ML,Micro Labs Limited,,,,,,
894,MICRO,NOVA,4267,PENFLUX-SR,1*10,10 ML,Micro Labs Limited,,,,,,
895,MICRO,Derma (MICRO),2307,PERMARID 1% LOTION,1*1PIECE,10 ML,Micro Labs Limited,,,,,,
896,MICRO,Derma (MICRO),1516,PERMARID 5% CREAM,1*30GM,10 ML,Micro Labs Limited,,,,,,
897,MICRO,SYNAPES,4027,PETRIL BETA-10MG,1*10TAB,10 ML,Micro Labs Limited,,,,,,
898,MICRO,SYNAPES,4028,PETRIL BETA-20MG,1*10TAB,10 ML,Micro Labs Limited,,,,,,
899,MICRO,SYNAPES,704,PETRIL MD-0.25,1*10TAB,10'S,Micro Labs Limited,,,,,,
900,MICRO,SYNAPES,703,PETRIL MD-0.5,1*10TAB,10'S,Micro Labs Limited,,,,,,
901,MICRO,SYNAPES,1932,PETRIL PLUS,1*10TAB,10 ML,Micro Labs Limited,,,,,,
902,MICRO,NA,8493,PETRIL PLUS-LS TAB,1*10TAB,10 ML,Micro Labs Limited,,,,,,
903,MICRO,SYNAPES,MIPER1,PETRIL.5MG,1*10TAB,GENERAL,Micro Labs Limited,,,,,,
904,MICRO,SYNAPES,535,PETRIL-1MG,1*10TAB,10'S,Micro Labs Limited,,,,,,
905,MICRO,SYNAPES,MIPET2,PETRIL-2MG,1*10TAB,GENERAL,Micro Labs Limited,,,,,,
906,MICRO,Derma (MICRO),9543,PHOTABAN-50 AQUAGEL,1*60GM,10 ML,Micro Labs Limited,,,,,,
907,MICRO,Derma (MICRO),1589,PHOTOBAN-15 LOTION,1*60ML,10 ML,Micro Labs Limited,,,,,,
908,MICRO,Derma (MICRO),1766,PHOTOBAN-30,1*60ML,10 ML,Micro Labs Limited,,,,,,
909,MICRO,Derma (MICRO),4652,PHOTOBAN-30 AQUAGEL,1*60GM,10 ML,Micro Labs Limited,,,,,,
910,MICRO,Derma (MICRO),MI20,PHOTOBAN-50 AQUAGEL,1*60GM,10 ML,Micro Labs Limited,,,,,,
911,MICRO,DERMA NEW (MICRO),7001,PHYTORAL BAR (SOAP),1*75GM,10 ML,Micro Labs Limited,,,,,,
912,MICRO,DERMA NEW (MICRO),2757,PHYTORAL LOTION,1*75ML,10 ML,Micro Labs Limited,,,,,,
913,MICRO,BROWN & BURK,475,PHYTORAL OINT 15GM,1*15GM,10'S,Micro Labs Limited,,,,,,
914,MICRO,BROWN & BURK,9132,PHYTORAL OINT 30GM,1*30GM,10 ML,Micro Labs Limited,,,,,,
915,MICRO,BROWN & BURK,8452,PHYTORAL POWDER,1*100GM,10 ML,Micro Labs Limited,,,,,,
916,MICRO,BROWN & BURK,474,PHYTORAL TAB,1*10TAB,10'S,Micro Labs Limited,,,,,,
917,MICRO,BROWN & BURK,MI134,PHYTORAL-B CREAM 15GM,1*15GM,10 ML,Micro Labs Limited,,,,,,
918,MICRO,DERMA NEW (MICRO),7002,PHYTORAL-SP,1*60ML,10 ML,Micro Labs Limited,,,,,,
919,MICRO,CARCYON,MIPIN2,PIONORM-15MG,1*10TAB,GENERAL,Micro Labs Limited,,,,,,
920,MICRO,CARCYON,MIPIO1,PIONORM-30 TAB,1*10TAB,GENERAL,Micro Labs Limited,,,,,,
921,MICRO,CARCYON,6917,PIONORM-7.5 MG,1*10TAB,10 ML,Micro Labs Limited,,,,,,
922,MICRO,CARCYON,MIPIO3,PIONORM-G,1*10TAB,GENERAL,Micro Labs Limited,,,,,,
923,MICRO,CARCYON,3960,PIONORM-GM-1,1*10TAB,10 ML,Micro Labs Limited,,,,,,
924,MICRO,NA,MI164,PIONORM-GM-2,1*10TAB,10 ML,Micro Labs Limited,,,,,,
925,MICRO,CARCYON,MIPIO2,PIONORM-M-15,1*10TAB,GENERAL,Micro Labs Limited,,,,,,
926,MICRO,CARCYON,510,PIONORM-M-30,1*10TAB,10'S,Micro Labs Limited,,,,,,
927,MICRO,CARCYON,7143,PIONORM-M-7.5MG,1*10TAB,10 ML,Micro Labs Limited,,,,,,
928,MICRO,CARCYON,MIPLE1,PLAGERINE,1*10TAB,GENERAL,Micro Labs Limited,,,,,,
929,MICRO,CARCYON,MIPL,PLAGERINE-A,1*10TAB,GENERAL,Micro Labs Limited,,,,,,
930,MICRO,CARCYON,MIPL1,PLAGERINE-A 150,1*10CAP,GENERAL,Micro Labs Limited,,,,,,
931,MICRO,Dtf,4066,POSINORM-15MG,1*10TAB,10 ML,Micro Labs Limited,,,,,,
932,MICRO,Dtf,4067,POSINORM-30MG,1*10TAB,10 ML,Micro Labs Limited,,,,,,
933,MICRO,Dtf,4068,POSINORM-7.5GM,1*10TAB,10 ML,Micro Labs Limited,,,,,,
934,MICRO,Dtf,4221,POSINORM-M-1000,1*10TAB,10 ML,Micro Labs Limited,,,,,,
935,MICRO,Dtf,4220,POSINORM-M-500,1*10TAB,10 ML,Micro Labs Limited,,,,,,
936,MICRO,CARCYON,3767,PRASULET-10,1-10TAB,10 ML,Micro Labs Limited,,,,,,
937,MICRO,CARCYON,3768,PRASULET-5,1-10TAB,10 ML,Micro Labs Limited,,,,,,
938,MICRO,Gtf,2046,PREDACE -4MG,1*10TAB,10 ML,Micro Labs Limited,,,,,,
939,MICRO,NA,494,PREDACE E/DROP,1*5ML,10'S,Micro Labs Limited,,,,,,
940,MICRO,Gtf,2048,PREDACE-16,1*10TAB,10 ML,Micro Labs Limited,,,,,,
941,MICRO,NA,2047,PREDACE-8MG,1*10TAB,10 ML,Micro Labs Limited,,,,,,
942,MICRO,NA,495,PREDACE-LD,1*5ML,10'S,Micro Labs Limited,,,,,,
943,MICRO,DTF-3,1876,PREGATOR CAP,1*10CAP,10 ML,Micro Labs Limited,,,,,,
944,MICRO,Dtf,9412,PREGATOR-SR TAB,1*10TAB,10 ML,Micro Labs Limited,,,,,,
945,MICRO,NA,603,PRIVENT E/DROPS,1*5ML,10'S,Micro Labs Limited,,,,,,
946,MICRO,HEALTHCARE,3127,PROGIT TAB,1*10TAB,10 ML,Micro Labs Limited,,,,,,
947,MICRO,SYNAPES,4029,PRULIBACT TAB,1*5TAB,10 ML,Micro Labs Limited,,,,,,
948,MICRO,BROWN & BURK,2523,PULMOCEF INJ,1*1INJ,10 ML,Micro Labs Limited,,,,,,
949,MICRO,BROWN & BURK,3575,PULMOCEF-1.5GM INJ,1*1,10 ML,Micro Labs Limited,,,,,,
950,MICRO,BROWN & BURK,B&PU1,PULMOCEF-125,1*4,GENERAL,Micro Labs Limited,,,,,,
951,MICRO,BROWN & BURK,2805,PULMOCEF-1500 INJ,1*1,10 ML,Micro Labs Limited,,,,,,
952,MICRO,BROWN & BURK,B&PU,PULMOCEF-250,1*4,GENERAL,Micro Labs Limited,,,,,,
953,MICRO,BROWN & BURK,6512,PULMOCEF-250 INJ,1*1,10 ML,Micro Labs Limited,,,,,,
954,MICRO,BROWN & BURK,2202,PULMOCEF-500,1*4TAB,10 ML,Micro Labs Limited,,,,,,
955,MICRO,BROWN & BURK,4223,PULMOCEF-750MG INJ,1*1INJ,10 ML,Micro Labs Limited,,,,,,
956,MICRO,BROWN & BURK,2709,PULMOCEF-CV-250,1*4,10 ML,Micro Labs Limited,,,,,,
957,MICRO,BROWN & BURK,2780,PULMOCEF-CV-500MG,1*4TAB,10 ML,Micro Labs Limited,,,,,,
958,MICRO,BROWN & BURK,7436,PULMOCEF-LZ,1*10TAB,10 ML,Micro Labs Limited,,,,,,
959,MICRO,BROWN & BURK,B&PUL1,PULMOCLOX,1*10,GENERAL,Micro Labs Limited,,,,,,
960,MICRO,BROWN & BURK,4997,PULMOXYL KID TAB,1*10TAB,10 ML,Micro Labs Limited,,,,,,
961,MICRO,BROWN & BURK,2203,PULMOXYL-250 CAP,1*10CAP,10 ML,Micro Labs Limited,,,,,,
962,MICRO,BROWN & BURK,5184,PULMOXYL-250DT,1*10TAB,10 ML,Micro Labs Limited,,,,,,
963,MICRO,BROWN & BURK,2204,PULMOXYL-500 CAP,1*10CAP,10 ML,Micro Labs Limited,,,,,,
964,MICRO,BROWN & BURK,2517,PULMOXYL-KID,1*10,10 ML,Micro Labs Limited,,,,,,
965,MICRO,Gtf,MI165,PULMUCUS-600 TAB,10,10 ML,Micro Labs Limited,,,,,,
966,MICRO,Gtf,MI163,PULMUCUS-AB TAB,10,10 ML,Micro Labs Limited,,,,,,
967,MICRO,NOVA,2322,QUINOBID-200MG,1*10TAB,10 ML,Micro Labs Limited,,,,,,
968,MICRO,NOVA,1878,QUINOBID-400MG,1*10TAB,10 ML,Micro Labs Limited,,,,,,
969,MICRO,NOVA,3196,QUINOBID-OZ SYP,1*60ML,10 ML,Micro Labs Limited,,,,,,
970,MICRO,NOVA,2078,QUINOBID-TZ,1*10TAB,10 ML,Micro Labs Limited,,,,,,
971,MICRO,CARCYON,2860,RABIROS-20MG,1*10,10 ML,Micro Labs Limited,,,,,,
972,MICRO,CARCYON,2861,RABIROS-D,1*10,10 ML,Micro Labs Limited,,,,,,
973,MICRO,CARCYON,2862,RABIROS-IT,1*10,10 ML,Micro Labs Limited,,,,,,
974,MICRO,EROSE,6191,RABIROS-L,1*10,10 ML,Micro Labs Limited,,,,,,
975,MICRO,HEALTHCARE,MIRAM4,RAMIRIL-10,1*10CAP,GENERAL,Micro Labs Limited,,,,,,
976,MICRO,CARCYON,MIRAM2,RAMRIL-1.25,1*10,GENERAL,Micro Labs Limited,,,,,,
977,MICRO,CARCYON,MIRAM3,RAMRIL-2.5,1*10,GENERAL,Micro Labs Limited,,,,,,
978,MICRO,CARCYON,MIRAM1,RAMRIL-5,1*10,GENERAL,Micro Labs Limited,,,,,,
979,MICRO,CARCYON,723,RAMRIL-H,1*10CAP,10'S,Micro Labs Limited,,,,,,
980,MICRO,VISION,3001,RAPIDON E/DROPS,1*5ML,10 ML,Micro Labs Limited,,,,,,
981,MICRO,VISION,5010,RAPIDON-OD E/DROPS,1*3ML,10 ML,Micro Labs Limited,,,,,,
982,MICRO,BROWN & BURK,B&RES1,RESTORE,1*10TAB,GENERAL,Micro Labs Limited,,,,,,
983,MICRO,HEALTHCARE,1573,RGM,1*10TAB,10 ML,Micro Labs Limited,,,,,,
984,MICRO,VISION-2,720,RIMONID E/DROP,1*5ML,10'S,Micro Labs Limited,,,,,,
985,MICRO,NOVA,2681,RINOX-0.025%,1*10ML,10 ML,Micro Labs Limited,,,,,,
986,MICRO,NOVA,2682,RINOX-0.05%,1*10ML,10 ML,Micro Labs Limited,,,,,,
987,MICRO,SYNAPES,2130,RISPOND FORTE,1*10TAB,10 ML,Micro Labs Limited,,,,,,
988,MICRO,SYNAPES,1082,RISPOND PLUS,1*10TAB,10 ML,Micro Labs Limited,,,,,,
989,MICRO,SYNAPES,801,RISPOND-1MG,1*10TAB,10'S,Micro Labs Limited,,,,,,
990,MICRO,SYNAPES,802,RISPOND-2MG,1*10TAB,10'S,Micro Labs Limited,,,,,,
991,MICRO,SYNAPES,1650,RISPOND-3MG,1*10TAB,10 ML,Micro Labs Limited,,,,,,
992,MICRO,SYNAPES,1651,RISPOND-4MG,1*10TAB,10 ML,Micro Labs Limited,,,,,,
993,MICRO,EROSE,3930,RITECEF-1GM INJ,1*1INJ,10 ML,Micro Labs Limited,,,,,,
994,MICRO,EROSE,4063,RITECEF-250MG INJ,1*1INJ,10 ML,Micro Labs Limited,,,,,,
995,MICRO,EROSE,3931,RITECEF-T-1GM,1*1INJ,10 ML,Micro Labs Limited,,,,,,
996,MICRO,EROSE,4043,RITECEF-T-250MG INJ,1*250MG,10 ML,Micro Labs Limited,,,,,,
997,MICRO,EROSE,ERRIT1,RITE-O-CEF-100 DT,1*4TAB,GENERAL,Micro Labs Limited,,,,,,
998,MICRO,EROSE,8803,RITE-O-CEF-100MG SYP,1*15GM,10 ML,Micro Labs Limited,,,,,,
999,MICRO,EROSE,3929,RITE-O-CEF-200DT,1*10TAB,10 ML,Micro Labs Limited,,,,,,
1000,MICRO,EROSE,3953,RITE-O-CEF-50DT,1*10TAB,10 ML,Micro Labs Limited,,,,,,
1001,MICRO,EROSE,3961,RITE-O-CEF-50MG SYP,1*30ML,10 ML,Micro Labs Limited,,,,,,
1002,MICRO,EROSE,3928,RITE-O-CEF-CV DRY SYP,1*30ML,10 ML,Micro Labs Limited,,,,,,
1003,MICRO,EROSE,3954,RITE-O-CEF-CV-100MG,1*10TAB,10 ML,Micro Labs Limited,,,,,,
1004,MICRO,EROSE,3932,RITE-O-CEF-CV-200MG,1*10TAB,10 ML,Micro Labs Limited,,,,,,
1005,MICRO,EROSE,MI18,RITE-O-CEF-OF TAB,1*10TAB,10 ML,Micro Labs Limited,,,,,,
1006,MICRO,EROSE,4659,RITOLIDE-250MG,1*10,10 ML,Micro Labs Limited,,,,,,
1007,MICRO,EROSE,4660,RITOLIDE-500MG,1*10TAB,10 ML,Micro Labs Limited,,,,,,
1008,MICRO,CARCYON,MI47,RIVOLAS-10MG,1*10TAB,10 ML,Micro Labs Limited,,,,,,
1009,MICRO,CARCYON,MI48,RIVOLAS-15MG,1*10TAB,10 ML,Micro Labs Limited,,,,,,
1010,MICRO,CARCYON,MI46,RIVOLAS-2.5MG,1*10,10 ML,Micro Labs Limited,,,,,,
1011,MICRO,CARCYON,MI49,RIVOLAS-20MG,1*10,10 ML,Micro Labs Limited,,,,,,
1012,MICRO,NA,MIROF1,ROFICA 12.5MG,1*10TAB,GENERAL,Micro Labs Limited,,,,,,
1013,MICRO,NA,MIROF2,ROFICA 25MG,1*10TAB],GENERAL,Micro Labs Limited,,,,,,
1014,MICRO,NA,281,ROFICA GEL,1*30GM,30ML,Micro Labs Limited,,,,,,
1015,MICRO,NA,287,ROFICA PLUS,1*10TAB,10'S,Micro Labs Limited,,,,,,
1016,MICRO,NA,MIROF3,ROFICA-50,1*10TAB,GENERAL,Micro Labs Limited,,,,,,
1017,MICRO,Dtf,MIROS2,ROSINORM- 2MG,1*10TAB,GENERAL,Micro Labs Limited,,,,,,
1018,MICRO,Dtf,MIRO,ROSINORM-4,1*10TAB,GENERAL,Micro Labs Limited,,,,,,
1019,MICRO,Dtf,1520,ROSINORM-G,1*10TAB,10 ML,Micro Labs Limited,,,,,,
1020,MICRO,Dtf,1877,ROSINORM-GM,1*10TAB,10 ML,Micro Labs Limited,,,,,,
1021,MICRO,Dtf,MIROS1,ROSINORM-M,1*10TAB,GENERAL,Micro Labs Limited,,,,,,
1022,MICRO,BROWN & BURK,4998,SACROLYTE PLUS,1*1GM,10 ML,Micro Labs Limited,,,,,,
1023,MICRO,BROWN & BURK,3574,SACROLYTE SACHETS,1*1,10 ML,Micro Labs Limited,,,,,,
1024,MICRO,EROSE,3933,SALBID PLUS 100ML SUSP,1*60ML,10 ML,Micro Labs Limited,,,,,,
1025,MICRO,EROSE,5264,SALBID PLUS 60ML SYP,1*100ML,10 ML,Micro Labs Limited,,,,,,
1026,MICRO,EROSE,3955,SALBID-D SYP,1*100ML,10 ML,Micro Labs Limited,,,,,,
1027,MICRO,EROSE,7075,SALBID-LS SYP,1*100ML,10 ML,Micro Labs Limited,,,,,,
1028,MICRO,Derma (MICRO),1590,SALTRIX OINTMENT,1*30GM,10 ML,Micro Labs Limited,,,,,,
1029,MICRO,CARCYON,612,S-AMLONG-2.5MG,1*10TAB,10'S,Micro Labs Limited,,,,,,
1030,MICRO,CARCYON,613,S-AMLONG-5MG,1*10TAB,10'S,Micro Labs Limited,,,,,,
1031,MICRO,CARCYON,ERSER2,SARTACE-1.25,1*10,GENERAL,Micro Labs Limited,,,,,,
1032,MICRO,CARCYON,MISER,SARTACE-2.5,1*10TAB,GENERAL,Micro Labs Limited,,,,,,
1033,MICRO,CARCYON,343,SARTACE-5,1*10TAB,10'S,Micro Labs Limited,,,,,,
1034,MICRO,CARCYON,546,SARTACE-H,1*10TAB,10'S,Micro Labs Limited,,,,,,
1035,MICRO,SYNAPES,513,S-CELEPRA-10,1*10TAB,10'S,Micro Labs Limited,,,,,,
1036,MICRO,SYNAPES,516,S-CELEPRA-20 MG,1*10TAB,10'S,Micro Labs Limited,,,,,,
1037,MICRO,SYNAPES,512,S-CELEPRA-5,1*10TAB,10'S,Micro Labs Limited,,,,,,
1038,MICRO,BROWN & BURK,3602,SCROYLTE SACHETS,1*1,10 ML,Micro Labs Limited,,,,,,
1039,MICRO,Derma (MICRO),5318,SECALIA LOTION,1*200ML,10 ML,Micro Labs Limited,,,,,,
1040,MICRO,Derma (MICRO),1591,SECALIA-100GM,1*100GM,10 ML,Micro Labs Limited,,,,,,
1041,MICRO,Derma (MICRO),2758,SECALIA-50GM,1*50GM,10 ML,Micro Labs Limited,,,,,,
1042,MICRO,Gtf,1195,SILYBON 100ML SYP,1*100ML,10 ML,Micro Labs Limited,,,,,,
1043,MICRO,Gtf,MISIL3,SILYBON 200ML SYP.,1*100ML,GENERAL,Micro Labs Limited,,,,,,
1044,MICRO,Gtf,MI79,SILYBON FORTE TAB,1*100ML,10 ML,Micro Labs Limited,,,,,,
1045,MICRO,Gtf,MISIL1,SILYBON-140,1*10TAB,GENERAL,Micro Labs Limited,,,,,,
1046,MICRO,Gtf,MISIL2,SILYBON-70,1*10TAB,GENERAL,Micro Labs Limited,,,,,,
1047,MICRO,CARCYON,MISIM,SIMVAS-10,1*10TAB,GENERAL,Micro Labs Limited,,,,,,
1048,MICRO,CARCYON,MISIM2,SIMVAS-20,1*10TAB,GENERAL,Micro Labs Limited,,,,,,
1049,MICRO,CARCYON,1814,SIMVAS-5,1*10TAB,10 ML,Micro Labs Limited,,,,,,
1050,MICRO,CARCYON,702,SIMVAS-EZ,1*10TAB,10'S,Micro Labs Limited,,,,,,
1051,MICRO,CARCYON,MI92,SITANORM-100 TAB,10,10 ML,Micro Labs Limited,,,,,,
1052,MICRO,CARCYON,MI93,SITANORM-50 TAB,10,10 ML,Micro Labs Limited,,,,,,
1053,MICRO,CARCYON,MI124,SITANORM-D-100/10 TAB,10,10 ML,Micro Labs Limited,,,,,,
1054,MICRO,CARCYON,MI119,SITANORM-D-50/10 TAB,10,10 ML,Micro Labs Limited,,,,,,
1055,MICRO,CARCYON,MI91,SITANORM-D-50/5 TAB,10,10 ML,Micro Labs Limited,,,,,,
1056,MICRO,CARCYON,MI108,SITANORM-DM-1000 TAB,10,10 ML,Micro Labs Limited,,,,,,
1057,MICRO,CARCYON,MI118,SITANORM-DM-500 TAB,10,10 ML,Micro Labs Limited,,,,,,
1058,MICRO,CARCYON,MI180,SITANORM-E-10,1*10,10 ML,Micro Labs Limited,,,,,,
1059,MICRO,CARCYON,MI181,SITANORM-E-25,1*10,10 ML,Micro Labs Limited,,,,,,
1060,MICRO,CARCYON,MI155,SITANORM-GM-FORTE-2,1*10TAB,10 ML,Micro Labs Limited,,,,,,
1061,MICRO,CARCYON,MI120,SITANORM-M-100/1000 TAB,10,10 ML,Micro Labs Limited,,,,,,
1062,MICRO,CARCYON,MI121,SITANORM-M-100/500 TAB,10,10 ML,Micro Labs Limited,,,,,,
1063,MICRO,CARCYON,MI94,SITANORM-M-50/1000 TAB,10,10 ML,Micro Labs Limited,,,,,,
1064,MICRO,CARCYON,MI95,SITANORM-M-50/500 TAB,10,10 ML,Micro Labs Limited,,,,,,
1065,MICRO,DTF-3,MI97,SITAPRIDE-50MG,1*10TAB,10 ML,Micro Labs Limited,,,,,,
1066,MICRO,DTF-3,MI112,SITAPRIDE-D 100/10 TAB,10,10 ML,Micro Labs Limited,,,,,,
1067,MICRO,DTF-3,MI117,SITAPRIDE-DM 1000 TAB,10,10 ML,Micro Labs Limited,,,,,,
1068,MICRO,DTF-3,MI113,SITAPRIDE-DM 500 TAB,10,10 ML,Micro Labs Limited,,,,,,
1069,MICRO,DTF-3,MI131,SITAPRIDE-M 100/1000 TAB,1*10TAB,10 ML,Micro Labs Limited,,,,,,
1070,MICRO,DTF-3,MI132,SITAPRIDE-M 100/500 TAB,10,10 ML,Micro Labs Limited,,,,,,
1071,MICRO,DTF-3,MI99,SITAPRIDE-M-50/1000MG,1*15TAB,10 ML,Micro Labs Limited,,,,,,
1072,MICRO,DTF-3,MI98,SITAPRIDE-M-50/500MG,1*15,10 ML,Micro Labs Limited,,,,,,
1073,MICRO,Gtf,MISPA1,SPARMAX,1*10TAB,GENERAL,Micro Labs Limited,,,,,,
1074,MICRO,NA,MVSA,SPARMAX E/DROP,1*5ML,GENERAL,Micro Labs Limited,,,,,,
1075,MICRO,HEALTHCARE,643,SPASMOPRIV,1*10CAP,10'S,Micro Labs Limited,,,,,,
1076,MICRO,HEALTHCARE,4069,SPASMOPRIV-200MG CAP,1*10CAP,10 ML,Micro Labs Limited,,,,,,
1077,MICRO,Derma (MICRO),2787,STAFOBAN OINT,1*10GM,10 ML,Micro Labs Limited,,,,,,
1078,MICRO,Derma (MICRO),1840,STERIDERM CREAM,1*15GM,10 ML,Micro Labs Limited,,,,,,
1079,MICRO,Derma (MICRO),1806,STERIDERM-S LOTION,1*15ML,10'S,Micro Labs Limited,,,,,,
1080,MICRO,Derma (MICRO),1592,STERISONE CREAM,1*15GM,10 ML,Micro Labs Limited,,,,,,
1081,MICRO,Derma (MICRO),1593,STERISONE-G CREAM,1*15GM,10 ML,Micro Labs Limited,,,,,,
1082,MICRO,SYNAPES,1540,SYCLOP-100MG,1*10TAB,10 ML,Micro Labs Limited,,,,,,
1083,MICRO,SYNAPES,2088,SYCLOP-25,1*10TAB,10 ML,Micro Labs Limited,,,,,,
1084,MICRO,NA,4824,TAP-DUO-50,1*10TAB,10 ML,Micro Labs Limited,,,,,,
1085,MICRO,EROSE,4272,TELCARD-20,1*10TAB,10 ML,Micro Labs Limited,,,,,,
1086,MICRO,EROSE,4271,TELCARD-40,1*10TAB,10 ML,Micro Labs Limited,,,,,,
1087,MICRO,NA,4803,TELCARD-AM,1*10TAB,10 ML,Micro Labs Limited,,,,,,
1088,MICRO,CARCYON,6892,TELPLUS,1*10TAB,10 ML,Micro Labs Limited,,,,,,
1089,MICRO,CARCYON,7351,TELPLUS-TRIO,1*10,10 ML,Micro Labs Limited,,,,,,
1090,MICRO,DTF-3,4072,TELROSE TAB,1*10TAB,10 ML,Micro Labs Limited,,,,,,
1091,MICRO,CARCYON,9179,TENDOPRO,1*10,10 ML,Micro Labs Limited,,,,,,
1092,MICRO,Dtf,7324,TENEPRIDE-20MG,1*10TAB,10 ML,Micro Labs Limited,,,,,,
1093,MICRO,Dtf,7525,TENEPRIDE-M-1000MG,1*10TAB,10 ML,Micro Labs Limited,,,,,,
1094,MICRO,Dtf,7526,TENEPRIDE-M-500MG,1*10TAB,10 ML,Micro Labs Limited,,,,,,
1095,MICRO,Dtf,5251,THYROTOP-100MG,1*30,10 ML,Micro Labs Limited,,,,,,
1096,MICRO,Dtf,5252,THYROTOP-25MG,1*30TAB,10 ML,Micro Labs Limited,,,,,,
1097,MICRO,Dtf,5403,THYROTOP-50MG,1*30TAB,10 ML,Micro Labs Limited,,,,,,
1098,MICRO,HEALTHCARE,MI34,TNIB TAB,1*10TAB,10 ML,Micro Labs Limited,,,,,,
1099,MICRO,NA,MVTOB1,TOBRADEX E/DROPS,1*5ML,GENERAL,Micro Labs Limited,,,,,,
1100,MICRO,CARDICARE,MITOL2,TOLFEN CAP,1*10TAB,GENERAL,Micro Labs Limited,,,,,,
1101,MICRO,NA,MITOL1,TOLPA,1*10TAB,GENERAL,Micro Labs Limited,,,,,,
1102,MICRO,NA,MITOL4,TOLPA-D,1*10TAB,GENERAL,Micro Labs Limited,,,,,,
1103,MICRO,HEALTHCARE,6663,TOLPAZEN TAB,1*10TAB,10 ML,Micro Labs Limited,,,,,,
1104,MICRO,HEALTHCARE,3731,TOLSAFE TAB,1*10TAB,10 ML,Micro Labs Limited,,,,,,
1105,MICRO,NA,497,TOROLAC E/DROPS,1*5ML,10'S,Micro Labs Limited,,,,,,
1106,MICRO,EROSE,9620,TOROLAC-DT,1*10,10 ML,Micro Labs Limited,,,,,,
1107,MICRO,CARCYON,MI135,TORSILONG-10 TAB,1*10,10 ML,Micro Labs Limited,,,,,,
1108,MICRO,CARCYON,9869,TORSILONG-40MG,1*10,10 ML,Micro Labs Limited,,,,,,
1109,MICRO,CARCYON,9870,TORSILONG-5MG,1*10TAB,10 ML,Micro Labs Limited,,,,,,
1110,MICRO,CARDICARE,8429,TORSINEX FORTE-10,1*10TAB,10 ML,Micro Labs Limited,,,,,,
1111,MICRO,CARDICARE,8430,TORSINEX FORTE-20MG,1*10TAB,10 ML,Micro Labs Limited,,,,,,
1112,MICRO,CARDICARE,8431,TORSINEX FORTE-5MG,1*10TAB,10 ML,Micro Labs Limited,,,,,,
1113,MICRO,CARDICARE,8238,TORSINEX INJ.,1*1,10 ML,Micro Labs Limited,,,,,,
1114,MICRO,CARDICARE,3745,TORSINEX PLUS,1*10TAB,10 ML,Micro Labs Limited,,,,,,
1115,MICRO,CARDICARE,2756,TORSINEX-100,1*10TAB,10 ML,Micro Labs Limited,,,,,,
1116,MICRO,CARDICARE,1018,TORSINEX-10MG,1*10TAB,10 ML,Micro Labs Limited,,,,,,
1117,MICRO,CARDICARE,1019,TORSINEX-20MG,1*10TAB,10 ML,Micro Labs Limited,,,,,,
1118,MICRO,CARDICARE,4049,TORSINEX-A,1*10TAB,10 ML,Micro Labs Limited,,,,,,
1119,MICRO,VISION,2484,TRAVO E/DROPS,1*10ML,10 ML,Micro Labs Limited,,,,,,
1120,MICRO,NA,2304,TRAVOPROST E/D,1*10ML,10 ML,Micro Labs Limited,,,,,,
1121,MICRO,NA,4287,TRAVOTIM E/DROPS,1*3ML,10 ML,Micro Labs Limited,,,,,,
1122,MICRO,VISION,3758,TRAVO-Z E/DROPS,1*5ML,10 ML,Micro Labs Limited,,,,,,
1123,MICRO,VISION-2,8627,TREHALUBE E/DROPS,1*1,10 ML,Micro Labs Limited,,,,,,
1124,MICRO,Dtf,517,TRIPRIDE-1,1*10TAB,10'S,Micro Labs Limited,,,,,,
1125,MICRO,Dtf,3807,TRIPRIDE-1 FORTE,1*10TAB,10 ML,Micro Labs Limited,,,,,,
1126,MICRO,Dtf,4599,TRIPRIDE-1 LP,1*10TAB,10 ML,Micro Labs Limited,,,,,,
1127,MICRO,Dtf,6894,TRIPRIDE-1-HV,1*10,10 ML,Micro Labs Limited,,,,,,
1128,MICRO,Dtf,5188,TRIPRIDE-1-LV,1*10TAB,10 ML,Micro Labs Limited,,,,,,
1129,MICRO,Dtf,518,TRIPRIDE-2,1*10TAB,10'S,Micro Labs Limited,,,,,,
1130,MICRO,Dtf,3819,TRIPRIDE-2 FORTE,1*10TAB,10 ML,Micro Labs Limited,,,,,,
1131,MICRO,Dtf,4600,TRIPRIDE-2 LP,1*10TAB,10 ML,Micro Labs Limited,,,,,,
1132,MICRO,Dtf,6895,TRIPRIDE-2-HV,1*10TAB,10 ML,Micro Labs Limited,,,,,,
1133,MICRO,Dtf,6578,TRIPRIDE-2-LP FORTE,1*10TAB,10 ML,Micro Labs Limited,,,,,,
1134,MICRO,Dtf,5189,TRIPRIDE-2-LV,1*10TAB,10 ML,Micro Labs Limited,,,,,,
1135,MICRO,Derma (MICRO),1569,TRIVATE-MF CREAM,1*30GM,10 ML,Micro Labs Limited,,,,,,
1136,MICRO,Derma (MICRO),4999,TRIVATE-MX OINT,1*20GM,10 ML,Micro Labs Limited,,,,,,
1137,MICRO,DERMA NEW (MICRO),7003,TRIWHITE CREAM,1*10GM,10 ML,Micro Labs Limited,,,,,,
1138,MICRO,Dtf,3013,TRU SWEET-180,1*1,10 ML,Micro Labs Limited,,,,,,
1139,MICRO,EROSE,ERTRY1,TRYROF-25,1*10TAB,GENERAL,Micro Labs Limited,,,,,,
1140,MICRO,Gtf,3855,TULSICOF SYP,1*100ML,10 ML,Micro Labs Limited,,,,,,
1141,MICRO,CARCYON,3074,TURBOVAS-10MG,1*10TAB,10 ML,Micro Labs Limited,,,,,,
1142,MICRO,CARCYON,3671,TURBOVAS-20MG,1*10TAB,10 ML,Micro Labs Limited,,,,,,
1143,MICRO,CARCYON,7249,TURBOVAS-40MG,1*10TAB,10 ML,Micro Labs Limited,,,,,,
1144,MICRO,CARCYON,3796,TURBOVAS-5MG,1*10TAB,10 ML,Micro Labs Limited,,,,,,
1145,MICRO,CARCYON,5187,TURBOVAS-ASP,1*10,10 ML,Micro Labs Limited,,,,,,
1146,MICRO,CARCYON,7358,TURBOVAS-CV-10,1*10TAB,10 ML,Micro Labs Limited,,,,,,
1147,MICRO,CARCYON,MI67,TURBOVAS-CV-20,1*10TAB,10 ML,Micro Labs Limited,,,,,,
1148,MICRO,CARCYON,MI139,TURBOVAS-EZ TAB,1*10TAB,10 ML,Micro Labs Limited,,,,,,
1149,MICRO,CARCYON,6893,TURBOVAS-F,1*10,10 ML,Micro Labs Limited,,,,,,
1150,MICRO,CARCYON,MI19,TURBOVAS-GOLD-10,1*10,10 ML,Micro Labs Limited,,,,,,
1151,MICRO,CARCYON,MI9,TURBOVAS-GOLD-20,1*10,10 ML,Micro Labs Limited,,,,,,
1152,MICRO,GTF-2,4782,UDIBON,1*10TAB,10 ML,Micro Labs Limited,,,,,,
1153,MICRO,CARCYON,9178,UDOSIS-1000,1*10,10 ML,Micro Labs Limited,,,,,,
1154,MICRO,CARCYON,9094,UDOSIS-500MG,1*10,10 ML,Micro Labs Limited,,,,,,
1155,MICRO,HEALTHCARE,3757,ULTRAM,1*10TAB,10 ML,Micro Labs Limited,,,,,,
1156,MICRO,NA,7076,ULTRAM INJ,1*1,10 ML,Micro Labs Limited,,,,,,
1157,MICRO,URO,9110,URGISO,1*10,10 ML,Micro Labs Limited,,,,,,
1158,MICRO,URO,9111,URONEX,1*10,10 ML,Micro Labs Limited,,,,,,
1159,MICRO,URO,MI26,URONEX-D,1*10,10 ML,Micro Labs Limited,,,,,,
1160,MICRO,GTF-2,8280,USIBON-150MG,1*10TAB,10 ML,Micro Labs Limited,,,,,,
1161,MICRO,GTF-2,8220,USIBON-300MG,1*10TAB,10 ML,Micro Labs Limited,,,,,,
1162,MICRO,NA,MI146,V,10,10 ML,Micro Labs Limited,,,,,,
1163,MICRO,BROWN & BURK,358,VALDIFLAM-20MG,1*10TAB,10'S,Micro Labs Limited,,,,,,
1164,MICRO,BROWN & BURK,359,VALDIFLAM-40,1*10TAB,10'S,Micro Labs Limited,,,,,,
1165,MICRO,NOVA,4056,VALPRID SYP,1*100ML,10 ML,Micro Labs Limited,,,,,,
1166,MICRO,SYNAPES,MIVAL1,VALPRID-CR 200,1*10TAB,GENERAL,Micro Labs Limited,,,,,,
1167,MICRO,SYNAPES,MIVAL3,VALPRID-CR 300,1*10TAB,GENERAL,Micro Labs Limited,,,,,,
1168,MICRO,SYNAPES,MIVAL2,VALPRID-CR 500,1*10TAB,GENERAL,Micro Labs Limited,,,,,,
1169,MICRO,SYNAPES,MIVEN1,VENFAX-PR 37.5,1*10CAP,GENERAL,Micro Labs Limited,,,,,,
1170,MICRO,SYNAPES,MIVEN2,VENFAX-PR 75,1*10CAP,GENERAL,Micro Labs Limited,,,,,,
1171,MICRO,SYNAPES,1744,VENFAX-PR-150,1*10CAP,10 ML,Micro Labs Limited,,,,,,
1172,MICRO,NOVA,1809,VENTRYL 60ML SYP,1*100ML,10'S,Micro Labs Limited,,,,,,
1173,MICRO,NOVA,1931,VENTRYL-100ML SYP,1*100ML,10 ML,Micro Labs Limited,,,,,,
1174,MICRO,NOVA,1745,VENTRYL-D SYP,1*100ML,10 ML,Micro Labs Limited,,,,,,
1175,MICRO,NOVA,8596,VENTRYL-LS 100ML SYP,1*100ML,10 ML,Micro Labs Limited,,,,,,
1176,MICRO,NOVA,9548,VENTRYL-LS 60ML SYP,1*60ML,10 ML,Micro Labs Limited,,,,,,
1177,MICRO,Derma (MICRO),1914,VERMACTIN-6,1*1,10 ML,Micro Labs Limited,,,,,,
1178,MICRO,Derma (MICRO),1572,VERMECTIN-12,1*1'S,10 ML,Micro Labs Limited,,,,,,
1179,MICRO,SYNAPES,2079,VERSIDEP TAB,1*10TAB,10 ML,Micro Labs Limited,,,,,,
1180,MICRO,SYNAPES,6498,VERSIDEP-NF,1*10TAB,10 ML,Micro Labs Limited,,,,,,
1181,MICRO,SYNAPES,MIVER3,VERSITOL RET. 200MG,1*10TAB,GENERAL,Micro Labs Limited,,,,,,
1182,MICRO,SYNAPES,1181,VERSITOL RETARD-300,1*10TAB,10 ML,Micro Labs Limited,,,,,,
1183,MICRO,SYNAPES,180,VERSITOL RETARD-400,1*10TAB,10'S,Micro Labs Limited,,,,,,
1184,MICRO,SYNAPES,MIVER1,VERSITOL-100MG,1*10TAB,GENERAL,Micro Labs Limited,,,,,,
1185,MICRO,SYNAPES,MIVER2,VERSITOL-200MG,1*10TAB,GENERAL,Micro Labs Limited,,,,,,
1186,MICRO,VISION-2,4583,VESORET CAP,1*15CAP,10 ML,Micro Labs Limited,,,,,,
1187,MICRO,Dtf,MI14,VILDAPRIDE-50,1*10TAB,10 ML,Micro Labs Limited,,,,,,
1188,MICRO,Dtf,MI125,VILDAPRIDE-D 100/10 TAB,1*10TAB,10 ML,Micro Labs Limited,,,,,,
1189,MICRO,Dtf,MI126,VILDAPRIDE-DM 1000 TAB,10,10 ML,Micro Labs Limited,,,,,,
1190,MICRO,Dtf,MI12,VILDAPRIDE-M-1000,1*10,10 ML,Micro Labs Limited,,,,,,
1191,MICRO,Dtf,MI13,VILDAPRIDE-M-500,1*10TAB,10 ML,Micro Labs Limited,,,,,,
1192,MICRO,CARCYON,MI81,VILPOWER D100/10 TAB,1*10TAB,10 ML,Micro Labs Limited,,,,,,
1193,MICRO,CARCYON,MI10,VILPOWER-50MG,1*10TAB,10 ML,Micro Labs Limited,,,,,,
1194,MICRO,CARCYON,MI127,VILPOWER-DM 1000 TAB,1*10TAB,10 ML,Micro Labs Limited,,,,,,
1195,MICRO,CARCYON,MI128,VILPOWER-DM 500 TAB,10,10 ML,Micro Labs Limited,,,,,,
1196,MICRO,CARCYON,MI15,VILPOWER-M-1000,1*10TAB,10 ML,Micro Labs Limited,,,,,,
1197,MICRO,CARCYON,MI11,VILPOWER-M-500MG,1*10,10 ML,Micro Labs Limited,,,,,,
1198,MICRO,CARCYON,MI50,VILPOWER-OD-100,1*10TAB,10 ML,Micro Labs Limited,,,,,,
1199,MICRO,HEALTHCARE,2001,VITAMER-EA,1*10CAP,10 ML,Micro Labs Limited,,,,,,
1200,MICRO,CARCYON,2828,VOGLINORM-0.2,1*10TAB,10 ML,Micro Labs Limited,,,,,,
1201,MICRO,CARCYON,2829,VOGLINORM-0.3,1*10TAB,10 ML,Micro Labs Limited,,,,,,
1202,MICRO,CARDICARE,6623,VOGLINORM-GM FORTE-2MG,1*10TAB,10 ML,Micro Labs Limited,,,,,,
1203,MICRO,CARCYON,4288,VOGLINORM-GM-1,1*10TAB,10 ML,Micro Labs Limited,,,,,,
1204,MICRO,CARDICARE,7742,VOGLINORM-GM-1/0.3,1*10TAB,10 ML,Micro Labs Limited,,,,,,
1205,MICRO,CARCYON,4289,VOGLINORM-GM-2,1*10TAB,10 ML,Micro Labs Limited,,,,,,
1206,MICRO,CARDICARE,7743,VOGLINORM-GM-2/0.3,1*10TAB,10 ML,Micro Labs Limited,,,,,,
1207,MICRO,CARCYON,3805,VOGLINORM-M-0.2,1*10TAB,10 ML,Micro Labs Limited,,,,,,
1208,MICRO,CARCYON,3806,VOGLINORM-M-0.3,1*10TAB,10 ML,Micro Labs Limited,,,,,,
1209,MICRO,CARCYON,MI57,VOGLINORM-R-0.5,1*10,10 ML,Micro Labs Limited,,,,,,
1210,MICRO,CARCYON,MI58,VOGLINORM-R-1,1*10,10 ML,Micro Labs Limited,,,,,,
1211,MICRO,HEALTHCARE,1496,VOLTADIN,1*10TAB,10 ML,Micro Labs Limited,,,,,,
1212,MICRO,CARCYON,MI156,VONACID-20,1*10TAB,10 ML,Micro Labs Limited,,,,,,
1213,MICRO,EROSE,MI85,VORSERO-10 TAB,10,10 ML,Micro Labs Limited,,,,,,
1214,MICRO,EROSE,MI86,VORSERO-20 TAB,10,10 ML,Micro Labs Limited,,,,,,
1215,MICRO,EROSE,MI87,VORSERO-5 TAB,10,10 ML,Micro Labs Limited,,,,,,
1216,MICRO,SYNAPES,1998,VOXAMIN-100MG,1*10TAB,10 ML,Micro Labs Limited,,,,,,
1217,MICRO,SYNAPES,1862,VOXAMIN-50MG,1*10,10 ML,Micro Labs Limited,,,,,,
1218,MICRO,HEALTHCARE,1846,WINFLAM TAB,1*10TAB,10 ML,Micro Labs Limited,,,,,,
1219,MICRO,HEALTHCARE,3897,XANURIX-40MG,1*10TAB,10 ML,Micro Labs Limited,,,,,,
1220,MICRO,HEALTHCARE,3898,XANURIX-80MG,1*10TAB,10 ML,Micro Labs Limited,,,,,,
1221,MICRO,EROSE,4995,XENDA PLUS SYP,1*10ML,10 ML,Micro Labs Limited,,,,,13,13
1222,MICRO,EROSE,4996,XENDA PLUS TAB,1*10TAB,10 ML,Micro Labs Limited,,,,,10,10
1223,MICRO,EROSE,4226,XENDA SYP,1*10ML,10 ML,Micro Labs Limited,,,,500,5,10
1224,MICRO,SYNAPES,5313,YOGAZAM-10MG,1*10TAB,10 ML,Micro Labs Limited,,,,,650,1300
1225,MICRO,SYNAPES,5314,YOGAZAM-5MG,1*10TAB,10 ML,Micro Labs Limited,,,,,,
1226,MICRO,Gtf,B&Z&,Z&B CAP,1*10,GENERAL,Micro Labs Limited,,,,,,
1227,MICRO,EROSE,3934,ZIFOL CAP,1*10CAP,10 ML,Micro Labs Limited,,,,,,
1228,MICRO,EROSE,ERZIF1,ZIFOL SYP,1*10CAP,GENERAL,Micro Labs Limited,,,,,,
1229,MICRO,EROSE,4052,ZIFOL-XT DROPS,1*15ML,10 ML,Micro Labs Limited,,,,,,
1230,MICRO,EROSE,4053,ZIFOL-XT- SYP 100ML,1*150ML,10 ML,Micro Labs Limited,,,,,,
1231,MICRO,EROSE,5196,ZIFOL-XT SYP 200ML,1*200ML,10 ML,Micro Labs Limited,,,,,,
1232,MICRO,EROSE,4044,ZIFOL-XT TAB,1*6TAB,10 ML,Micro Labs Limited,,,,,,
1233,MICRO,NOVA,5447,ZIFRA SYP 100ML,1*100ML,10 ML,Micro Labs Limited,,,,,,
1234,MICRO,CARCYON,8195,ZILARTA-40MG,1*10TAB,10 ML,Micro Labs Limited,,,,,,
1235,MICRO,CARCYON,8237,ZILARTA-80MG,1*10TAB,10 ML,Micro Labs Limited,,,,,,
1236,MICRO,CARCYON,8671,ZILARTA-CT-40/12.5,1*10TAB,10 ML,Micro Labs Limited,,,,,,
1237,MICRO,CARCYON,MI1,ZILARTA-CT-40/6.25,1*10TAB,10 ML,Micro Labs Limited,,,,,,
1238,MICRO,BROWN & BURK,B&ZOL1,ZOLPID-10,1*10TAB,GENERAL,Micro Labs Limited,,,,,,
1239,MICRO,HEALTHCARE,3128,ZORNICA PLUS TAB,1*10TAB,10 ML,Micro Labs Limited,,,,,,
1240,MICRO,HEALTHCARE,3848,ZORNICA-4MG,1*10TAB,10 ML,Micro Labs Limited,,,,,,
1241,MICRO,HEALTHCARE,3849,ZORNICA-8MG,1*10TAB,10 ML,Micro Labs Limited,,,,,,
1242,MICRO,SYNAPES,MIZOT1,ZOTRAL-100,1*10TAB,GENERAL,Micro Labs Limited,,,,,,
1243,MICRO,SYNAPES,MIZOT2,ZOTRAL-50,1*10TAB,GENERAL,Micro Labs Limited,,,,,,
1244,MICRO,SYNAPES,7304,ZOVANE-20MG,1*10TAB,10 ML,Micro Labs Limited,,,,,,
1245,MICRO,SYNAPES,7305,ZOVANE-40MG,1*10TAB,10 ML,Micro Labs Limited,,,,,,
1246,MICRO,CARCYON,MI37,ZUCAPRIDE-10MG,1*15,10 ML,Micro Labs Limited,,,,,,
1247,MICRO,CARCYON,MI38,ZUCAPRIDE-M-1000MG,1*10,10 ML,Micro Labs Limited,,,,,,
1248,MICRO,CARCYON,MI39,ZUCAPRIDE-M-500MG,1*10,10 ML,Micro Labs Limited,,,,,,
1249,MICRO,CARCYON,MI144,ZUCAPRIDE-S 10/100 TAB,1*10,10 ML,Micro Labs Limited,,,,,,